Timestamp,blocks_read,blocks_removed,blocks_replicated,blocks_verified,blocks_written,capp,category,copyBlockOp_avg_time,copyBlockOp_num_ops,csource,ctags,hostName,readBlockOp_avg_time,readBlockOp_num_ops,readMetadataOp_avg_time,readMetadataOp_num_ops,reads_from_local_client,reads_from_remote_client,replaceBlockOp_avg_time,replaceBlockOp_num_ops,writeBlockOp_avg_time,writeBlockOp_num_ops,writes_from_local_client,writes_from_remote_client
1307525437,8,0,0,0,1,/mnt/DP_disk2/lyan/hadoop/logs/chukwa/metrics/chukwa-lyan-dfs-1307525357484.log,dfs.datanode,0,0,sr214, cluster="chukwa",sr214,180,8,0,0,8,0,0,0,17,1,0,1
1307525447,54,0,0,0,1,/mnt/DP_disk2/lyan/hadoop/logs/chukwa/metrics/chukwa-lyan-dfs-1307525357484.log,dfs.datanode,0,0,sr214, cluster="chukwa",sr214,1321,54,0,0,38,16,0,0,0,1,0,1
1307525457,74,0,0,0,1,/mnt/DP_disk2/lyan/hadoop/logs/chukwa/metrics/chukwa-lyan-dfs-1307525357484.log,dfs.datanode,0,0,sr214, cluster="chukwa",sr214,1750,74,0,0,56,18,0,0,0,1,0,1
1307525467,102,0,0,0,1,/mnt/DP_disk2/lyan/hadoop/logs/chukwa/metrics/chukwa-lyan-dfs-1307525357484.log,dfs.datanode,0,0,sr214, cluster="chukwa",sr214,6912,102,0,0,74,28,0,0,0,1,0,1
1307525477,136,0,0,0,1,/mnt/DP_disk2/lyan/hadoop/logs/chukwa/metrics/chukwa-lyan-dfs-1307525357484.log,dfs.datanode,0,0,sr214, cluster="chukwa",sr214,1815,136,0,0,100,36,0,0,0,1,0,1
1307525487,163,0,0,1,1,/mnt/DP_disk2/lyan/hadoop/logs/chukwa/metrics/chukwa-lyan-dfs-1307525357484.log,dfs.datanode,0,0,sr214, cluster="chukwa",sr214,4535,163,0,0,118,45,0,0,0,1,0,1
1307525497,190,0,0,1,1,/mnt/DP_disk2/lyan/hadoop/logs/chukwa/metrics/chukwa-lyan-dfs-1307525357484.log,dfs.datanode,0,0,sr214, cluster="chukwa",sr214,2962,190,0,0,137,53,0,0,0,1,0,1
1307525507,212,0,0,1,1,/mnt/DP_disk2/lyan/hadoop/logs/chukwa/metrics/chukwa-lyan-dfs-1307525357484.log,dfs.datanode,0,0,sr214, cluster="chukwa",sr214,2679,212,0,0,155,57,0,0,0,1,0,1
1307525517,235,0,0,1,1,/mnt/DP_disk2/lyan/hadoop/logs/chukwa/metrics/chukwa-lyan-dfs-1307525357484.log,dfs.datanode,0,0,sr214, cluster="chukwa",sr214,7123,235,0,0,174,61,0,0,0,1,0,1
1307525527,255,0,0,1,1,/mnt/DP_disk2/lyan/hadoop/logs/chukwa/metrics/chukwa-lyan-dfs-1307525357484.log,dfs.datanode,0,0,sr214, cluster="chukwa",sr214,5543,255,0,0,186,69,0,0,0,1,0,1
1307525537,270,0,0,1,1,/mnt/DP_disk2/lyan/hadoop/logs/chukwa/metrics/chukwa-lyan-dfs-1307525357484.log,dfs.datanode,0,0,sr214, cluster="chukwa",sr214,9289,270,0,0,197,73,0,0,0,1,0,1
1307525547,279,0,0,1,1,/mnt/DP_disk2/lyan/hadoop/logs/chukwa/metrics/chukwa-lyan-dfs-1307525357484.log,dfs.datanode,0,0,sr214, cluster="chukwa",sr214,7927,279,0,0,203,76,0,0,0,1,0,1
1307525557,285,0,0,1,1,/mnt/DP_disk2/lyan/hadoop/logs/chukwa/metrics/chukwa-lyan-dfs-1307525357484.log,dfs.datanode,0,0,sr214, cluster="chukwa",sr214,14752,285,0,0,204,81,0,0,0,1,0,1
1307525567,298,0,0,1,1,/mnt/DP_disk2/lyan/hadoop/logs/chukwa/metrics/chukwa-lyan-dfs-1307525357484.log,dfs.datanode,0,0,sr214, cluster="chukwa",sr214,6719,298,0,0,209,89,0,0,0,1,0,1
1307525577,306,0,0,1,1,/mnt/DP_disk2/lyan/hadoop/logs/chukwa/metrics/chukwa-lyan-dfs-1307525357484.log,dfs.datanode,0,0,sr214, cluster="chukwa",sr214,5862,306,0,0,214,92,0,0,0,1,0,1
1307525587,309,0,0,1,1,/mnt/DP_disk2/lyan/hadoop/logs/chukwa/metrics/chukwa-lyan-dfs-1307525357484.log,dfs.datanode,0,0,sr214, cluster="chukwa",sr214,9453,309,0,0,216,93,0,0,0,1,0,1
1307525597,309,0,0,1,1,/mnt/DP_disk2/lyan/hadoop/logs/chukwa/metrics/chukwa-lyan-dfs-1307525357484.log,dfs.datanode,0,0,sr214, cluster="chukwa",sr214,0,309,0,0,216,93,0,0,0,1,0,1
1307525607,311,0,0,1,1,/mnt/DP_disk2/lyan/hadoop/logs/chukwa/metrics/chukwa-lyan-dfs-1307525357484.log,dfs.datanode,0,0,sr214, cluster="chukwa",sr214,1614,311,0,0,218,93,0,0,0,1,0,1
1307525617,311,0,0,1,1,/mnt/DP_disk2/lyan/hadoop/logs/chukwa/metrics/chukwa-lyan-dfs-1307525357484.log,dfs.datanode,0,0,sr214, cluster="chukwa",sr214,0,311,0,0,218,93,0,0,0,1,0,1
1307525627,311,0,0,1,1,/mnt/DP_disk2/lyan/hadoop/logs/chukwa/metrics/chukwa-lyan-dfs-1307525357484.log,dfs.datanode,0,0,sr214, cluster="chukwa",sr214,0,311,0,0,218,93,0,0,0,1,0,1
1307525637,311,0,0,1,1,/mnt/DP_disk2/lyan/hadoop/logs/chukwa/metrics/chukwa-lyan-dfs-1307525357484.log,dfs.datanode,0,0,sr214, cluster="chukwa",sr214,0,311,0,0,218,93,0,0,0,1,0,1
1307525647,311,0,0,1,1,/mnt/DP_disk2/lyan/hadoop/logs/chukwa/metrics/chukwa-lyan-dfs-1307525357484.log,dfs.datanode,0,0,sr214, cluster="chukwa",sr214,0,311,0,0,218,93,0,0,0,1,0,1
1307525657,311,0,0,1,1,/mnt/DP_disk2/lyan/hadoop/logs/chukwa/metrics/chukwa-lyan-dfs-1307525357484.log,dfs.datanode,0,0,sr214, cluster="chukwa",sr214,0,311,0,0,218,93,0,0,0,1,0,1
1307525667,311,0,0,1,1,/mnt/DP_disk2/lyan/hadoop/logs/chukwa/metrics/chukwa-lyan-dfs-1307525357484.log,dfs.datanode,0,0,sr214, cluster="chukwa",sr214,0,311,0,0,218,93,0,0,0,1,0,1
1307525677,311,0,0,1,5,/mnt/DP_disk2/lyan/hadoop/logs/chukwa/metrics/chukwa-lyan-dfs-1307525357484.log,dfs.datanode,0,0,sr214, cluster="chukwa",sr214,0,311,0,0,218,93,0,0,9143,5,2,3
1307525687,311,0,0,1,16,/mnt/DP_disk2/lyan/hadoop/logs/chukwa/metrics/chukwa-lyan-dfs-1307525357484.log,dfs.datanode,0,0,sr214, cluster="chukwa",sr214,0,311,0,0,218,93,0,0,10568,16,5,11
1307525697,311,0,0,1,23,/mnt/DP_disk2/lyan/hadoop/logs/chukwa/metrics/chukwa-lyan-dfs-1307525357484.log,dfs.datanode,0,0,sr214, cluster="chukwa",sr214,0,311,0,0,218,93,0,0,14271,23,6,17
1307525707,311,0,0,1,30,/mnt/DP_disk2/lyan/hadoop/logs/chukwa/metrics/chukwa-lyan-dfs-1307525357484.log,dfs.datanode,0,0,sr214, cluster="chukwa",sr214,0,311,0,0,218,93,0,0,7564,30,7,23
1307525717,311,0,0,1,33,/mnt/DP_disk2/lyan/hadoop/logs/chukwa/metrics/chukwa-lyan-dfs-1307525357484.log,dfs.datanode,0,0,sr214, cluster="chukwa",sr214,0,311,0,0,218,93,0,0,3810,33,7,26
1307525727,311,0,0,1,34,/mnt/DP_disk2/lyan/hadoop/logs/chukwa/metrics/chukwa-lyan-dfs-1307525357484.log,dfs.datanode,0,0,sr214, cluster="chukwa",sr214,0,311,0,0,218,93,0,0,3198,34,7,27
1307525737,311,0,0,1,34,/mnt/DP_disk2/lyan/hadoop/logs/chukwa/metrics/chukwa-lyan-dfs-1307525357484.log,dfs.datanode,0,0,sr214, cluster="chukwa",sr214,0,311,0,0,218,93,0,0,0,34,7,27
1307525747,311,0,0,1,40,/mnt/DP_disk2/lyan/hadoop/logs/chukwa/metrics/chukwa-lyan-dfs-1307525357484.log,dfs.datanode,0,0,sr214, cluster="chukwa",sr214,0,311,0,0,218,93,0,0,3897,40,7,33
1307525757,311,0,0,1,43,/mnt/DP_disk2/lyan/hadoop/logs/chukwa/metrics/chukwa-lyan-dfs-1307525357484.log,dfs.datanode,0,0,sr214, cluster="chukwa",sr214,0,311,0,0,218,93,0,0,4484,43,8,35
1307525767,311,0,0,1,47,/mnt/DP_disk2/lyan/hadoop/logs/chukwa/metrics/chukwa-lyan-dfs-1307525357484.log,dfs.datanode,0,0,sr214, cluster="chukwa",sr214,0,311,0,0,218,93,0,0,5330,47,9,38
1307525777,311,0,0,1,52,/mnt/DP_disk2/lyan/hadoop/logs/chukwa/metrics/chukwa-lyan-dfs-1307525357484.log,dfs.datanode,0,0,sr214, cluster="chukwa",sr214,0,311,0,0,218,93,0,0,10368,52,9,43
1307525787,311,0,0,1,57,/mnt/DP_disk2/lyan/hadoop/logs/chukwa/metrics/chukwa-lyan-dfs-1307525357484.log,dfs.datanode,0,0,sr214, cluster="chukwa",sr214,0,311,0,0,218,93,0,0,13706,57,10,47
1307525797,311,0,0,1,67,/mnt/DP_disk2/lyan/hadoop/logs/chukwa/metrics/chukwa-lyan-dfs-1307525357484.log,dfs.datanode,0,0,sr214, cluster="chukwa",sr214,0,311,0,0,218,93,0,0,33449,67,13,54
1307525807,311,0,0,1,71,/mnt/DP_disk2/lyan/hadoop/logs/chukwa/metrics/chukwa-lyan-dfs-1307525357484.log,dfs.datanode,0,0,sr214, cluster="chukwa",sr214,0,311,0,0,218,93,0,0,14453,71,14,57
1307525817,311,0,0,1,82,/mnt/DP_disk2/lyan/hadoop/logs/chukwa/metrics/chukwa-lyan-dfs-1307525357484.log,dfs.datanode,0,0,sr214, cluster="chukwa",sr214,0,311,0,0,218,93,0,0,19146,82,17,65
1307525827,311,0,0,1,90,/mnt/DP_disk2/lyan/hadoop/logs/chukwa/metrics/chukwa-lyan-dfs-1307525357484.log,dfs.datanode,0,0,sr214, cluster="chukwa",sr214,0,311,0,0,218,93,0,0,17027,90,18,72
1307525837,311,0,0,1,98,/mnt/DP_disk2/lyan/hadoop/logs/chukwa/metrics/chukwa-lyan-dfs-1307525357484.log,dfs.datanode,0,0,sr214, cluster="chukwa",sr214,0,311,0,0,218,93,0,0,17235,98,21,77
1307525847,311,0,0,1,104,/mnt/DP_disk2/lyan/hadoop/logs/chukwa/metrics/chukwa-lyan-dfs-1307525357484.log,dfs.datanode,0,0,sr214, cluster="chukwa",sr214,0,311,0,0,218,93,0,0,15868,104,22,82
1307525857,311,0,0,1,113,/mnt/DP_disk2/lyan/hadoop/logs/chukwa/metrics/chukwa-lyan-dfs-1307525357484.log,dfs.datanode,0,0,sr214, cluster="chukwa",sr214,0,311,0,0,218,93,0,0,18681,113,25,88
1307525867,311,0,0,1,118,/mnt/DP_disk2/lyan/hadoop/logs/chukwa/metrics/chukwa-lyan-dfs-1307525357484.log,dfs.datanode,0,0,sr214, cluster="chukwa",sr214,0,311,0,0,218,93,0,0,16158,118,27,91
1307525877,311,0,0,1,128,/mnt/DP_disk2/lyan/hadoop/logs/chukwa/metrics/chukwa-lyan-dfs-1307525357484.log,dfs.datanode,0,0,sr214, cluster="chukwa",sr214,0,311,0,0,218,93,0,0,18793,128,30,98
1307525887,311,0,0,1,132,/mnt/DP_disk2/lyan/hadoop/logs/chukwa/metrics/chukwa-lyan-dfs-1307525357484.log,dfs.datanode,0,0,sr214, cluster="chukwa",sr214,0,311,0,0,218,93,0,0,11855,132,32,100
1307525897,311,0,0,1,136,/mnt/DP_disk2/lyan/hadoop/logs/chukwa/metrics/chukwa-lyan-dfs-1307525357484.log,dfs.datanode,0,0,sr214, cluster="chukwa",sr214,0,311,0,0,218,93,0,0,24609,136,33,103
1307525907,311,0,0,1,142,/mnt/DP_disk2/lyan/hadoop/logs/chukwa/metrics/chukwa-lyan-dfs-1307525357484.log,dfs.datanode,0,0,sr214, cluster="chukwa",sr214,0,311,0,0,218,93,0,0,19389,142,34,108
1307525917,311,0,0,1,149,/mnt/DP_disk2/lyan/hadoop/logs/chukwa/metrics/chukwa-lyan-dfs-1307525357484.log,dfs.datanode,0,0,sr214, cluster="chukwa",sr214,0,311,0,0,218,93,0,0,18911,149,37,112
1307525927,311,0,0,1,156,/mnt/DP_disk2/lyan/hadoop/logs/chukwa/metrics/chukwa-lyan-dfs-1307525357484.log,dfs.datanode,0,0,sr214, cluster="chukwa",sr214,0,311,0,0,218,93,0,0,16786,156,41,115
1307525937,311,0,0,1,161,/mnt/DP_disk2/lyan/hadoop/logs/chukwa/metrics/chukwa-lyan-dfs-1307525357484.log,dfs.datanode,0,0,sr214, cluster="chukwa",sr214,0,311,0,0,218,93,0,0,14747,161,43,118
1307525947,311,0,0,1,169,/mnt/DP_disk2/lyan/hadoop/logs/chukwa/metrics/chukwa-lyan-dfs-1307525357484.log,dfs.datanode,0,0,sr214, cluster="chukwa",sr214,0,311,0,0,218,93,0,0,16692,169,44,125
1307525957,311,0,0,1,175,/mnt/DP_disk2/lyan/hadoop/logs/chukwa/metrics/chukwa-lyan-dfs-1307525357484.log,dfs.datanode,0,0,sr214, cluster="chukwa",sr214,0,311,0,0,218,93,0,0,15914,175,47,128
1307525967,311,0,0,1,183,/mnt/DP_disk2/lyan/hadoop/logs/chukwa/metrics/chukwa-lyan-dfs-1307525357484.log,dfs.datanode,0,0,sr214, cluster="chukwa",sr214,0,311,0,0,218,93,0,0,13860,183,49,134
1307525977,311,0,0,1,189,/mnt/DP_disk2/lyan/hadoop/logs/chukwa/metrics/chukwa-lyan-dfs-1307525357484.log,dfs.datanode,0,0,sr214, cluster="chukwa",sr214,0,311,0,0,218,93,0,0,18273,189,52,137
1307525987,311,0,0,1,199,/mnt/DP_disk2/lyan/hadoop/logs/chukwa/metrics/chukwa-lyan-dfs-1307525357484.log,dfs.datanode,0,0,sr214, cluster="chukwa",sr214,0,311,0,0,218,93,0,0,10697,199,54,145
1307525997,311,0,0,1,205,/mnt/DP_disk2/lyan/hadoop/logs/chukwa/metrics/chukwa-lyan-dfs-1307525357484.log,dfs.datanode,0,0,sr214, cluster="chukwa",sr214,0,311,0,0,218,93,0,0,12898,205,56,149
1307526007,311,0,0,1,213,/mnt/DP_disk2/lyan/hadoop/logs/chukwa/metrics/chukwa-lyan-dfs-1307525357484.log,dfs.datanode,0,0,sr214, cluster="chukwa",sr214,0,311,0,0,218,93,0,0,17419,213,58,155
1307526017,311,0,0,1,219,/mnt/DP_disk2/lyan/hadoop/logs/chukwa/metrics/chukwa-lyan-dfs-1307525357484.log,dfs.datanode,0,0,sr214, cluster="chukwa",sr214,0,311,0,0,218,93,0,0,14088,219,61,158
1307526027,311,0,0,1,222,/mnt/DP_disk2/lyan/hadoop/logs/chukwa/metrics/chukwa-lyan-dfs-1307525357484.log,dfs.datanode,0,0,sr214, cluster="chukwa",sr214,0,311,0,0,218,93,0,0,14121,222,63,159
1307526037,311,0,0,1,230,/mnt/DP_disk2/lyan/hadoop/logs/chukwa/metrics/chukwa-lyan-dfs-1307525357484.log,dfs.datanode,0,0,sr214, cluster="chukwa",sr214,0,311,0,0,218,93,0,0,13282,230,66,164
1307526047,311,0,0,1,238,/mnt/DP_disk2/lyan/hadoop/logs/chukwa/metrics/chukwa-lyan-dfs-1307525357484.log,dfs.datanode,0,0,sr214, cluster="chukwa",sr214,0,311,0,0,218,93,0,0,11011,238,68,170
1307526057,311,0,0,1,246,/mnt/DP_disk2/lyan/hadoop/logs/chukwa/metrics/chukwa-lyan-dfs-1307525357484.log,dfs.datanode,0,0,sr214, cluster="chukwa",sr214,0,311,0,0,218,93,0,0,9109,246,72,174
1307526067,311,0,0,1,253,/mnt/DP_disk2/lyan/hadoop/logs/chukwa/metrics/chukwa-lyan-dfs-1307525357484.log,dfs.datanode,0,0,sr214, cluster="chukwa",sr214,0,311,0,0,218,93,0,0,8970,253,76,177
1307526077,311,0,0,1,260,/mnt/DP_disk2/lyan/hadoop/logs/chukwa/metrics/chukwa-lyan-dfs-1307525357484.log,dfs.datanode,0,0,sr214, cluster="chukwa",sr214,0,311,0,0,218,93,0,0,7682,260,80,180
1307526087,311,0,0,2,265,/mnt/DP_disk2/lyan/hadoop/logs/chukwa/metrics/chukwa-lyan-dfs-1307525357484.log,dfs.datanode,0,0,sr214, cluster="chukwa",sr214,0,311,0,0,218,93,0,0,5106,265,84,181
1307525437,3,0,0,0,2,/mnt/DP_disk2/lyan/hadoop/logs/chukwa/metrics/chukwa-lyan-dfs-1307525357340.log,dfs.datanode,0,0,sr215, cluster="chukwa",sr215,59,3,0,0,0,3,0,0,36,2,0,2
1307525447,44,0,0,0,2,/mnt/DP_disk2/lyan/hadoop/logs/chukwa/metrics/chukwa-lyan-dfs-1307525357340.log,dfs.datanode,0,0,sr215, cluster="chukwa",sr215,179,44,0,0,24,20,0,0,0,2,0,2
1307525457,101,0,0,0,2,/mnt/DP_disk2/lyan/hadoop/logs/chukwa/metrics/chukwa-lyan-dfs-1307525357340.log,dfs.datanode,0,0,sr215, cluster="chukwa",sr215,4340,101,0,0,68,33,0,0,0,2,0,2
1307525467,139,0,0,0,2,/mnt/DP_disk2/lyan/hadoop/logs/chukwa/metrics/chukwa-lyan-dfs-1307525357340.log,dfs.datanode,0,0,sr215, cluster="chukwa",sr215,2777,139,0,0,94,45,0,0,0,2,0,2
1307525477,178,0,0,1,2,/mnt/DP_disk2/lyan/hadoop/logs/chukwa/metrics/chukwa-lyan-dfs-1307525357340.log,dfs.datanode,0,0,sr215, cluster="chukwa",sr215,2170,178,0,0,125,53,0,0,0,2,0,2
1307525487,198,0,0,1,2,/mnt/DP_disk2/lyan/hadoop/logs/chukwa/metrics/chukwa-lyan-dfs-1307525357340.log,dfs.datanode,0,0,sr215, cluster="chukwa",sr215,4723,198,0,0,140,58,0,0,0,2,0,2
1307525497,239,0,0,1,2,/mnt/DP_disk2/lyan/hadoop/logs/chukwa/metrics/chukwa-lyan-dfs-1307525357340.log,dfs.datanode,0,0,sr215, cluster="chukwa",sr215,5003,239,0,0,165,74,0,0,0,2,0,2
1307525507,260,0,0,1,2,/mnt/DP_disk2/lyan/hadoop/logs/chukwa/metrics/chukwa-lyan-dfs-1307525357340.log,dfs.datanode,0,0,sr215, cluster="chukwa",sr215,1007,260,0,0,178,82,0,0,0,2,0,2
1307525517,268,0,0,1,2,/mnt/DP_disk2/lyan/hadoop/logs/chukwa/metrics/chukwa-lyan-dfs-1307525357340.log,dfs.datanode,0,0,sr215, cluster="chukwa",sr215,6589,268,0,0,183,85,0,0,0,2,0,2
1307525527,290,0,0,1,2,/mnt/DP_disk2/lyan/hadoop/logs/chukwa/metrics/chukwa-lyan-dfs-1307525357340.log,dfs.datanode,0,0,sr215, cluster="chukwa",sr215,12700,290,0,0,199,91,0,0,0,2,0,2
1307525537,311,0,0,1,2,/mnt/DP_disk2/lyan/hadoop/logs/chukwa/metrics/chukwa-lyan-dfs-1307525357340.log,dfs.datanode,0,0,sr215, cluster="chukwa",sr215,4807,311,0,0,213,98,0,0,0,2,0,2
1307525547,329,0,0,1,2,/mnt/DP_disk2/lyan/hadoop/logs/chukwa/metrics/chukwa-lyan-dfs-1307525357340.log,dfs.datanode,0,0,sr215, cluster="chukwa",sr215,6013,329,0,0,225,104,0,0,0,2,0,2
1307525557,342,0,0,1,2,/mnt/DP_disk2/lyan/hadoop/logs/chukwa/metrics/chukwa-lyan-dfs-1307525357340.log,dfs.datanode,0,0,sr215, cluster="chukwa",sr215,3498,342,0,0,233,109,0,0,0,2,0,2
1307525567,355,0,0,1,2,/mnt/DP_disk2/lyan/hadoop/logs/chukwa/metrics/chukwa-lyan-dfs-1307525357340.log,dfs.datanode,0,0,sr215, cluster="chukwa",sr215,10792,355,0,0,238,117,0,0,0,2,0,2
1307525577,361,0,0,1,2,/mnt/DP_disk2/lyan/hadoop/logs/chukwa/metrics/chukwa-lyan-dfs-1307525357340.log,dfs.datanode,0,0,sr215, cluster="chukwa",sr215,3732,361,0,0,243,118,0,0,0,2,0,2
1307525587,364,0,0,1,2,/mnt/DP_disk2/lyan/hadoop/logs/chukwa/metrics/chukwa-lyan-dfs-1307525357340.log,dfs.datanode,0,0,sr215, cluster="chukwa",sr215,4753,364,0,0,246,118,0,0,0,2,0,2
1307525597,364,0,0,1,2,/mnt/DP_disk2/lyan/hadoop/logs/chukwa/metrics/chukwa-lyan-dfs-1307525357340.log,dfs.datanode,0,0,sr215, cluster="chukwa",sr215,0,364,0,0,246,118,0,0,0,2,0,2
1307525607,364,0,0,1,2,/mnt/DP_disk2/lyan/hadoop/logs/chukwa/metrics/chukwa-lyan-dfs-1307525357340.log,dfs.datanode,0,0,sr215, cluster="chukwa",sr215,0,364,0,0,246,118,0,0,0,2,0,2
1307525617,364,0,0,1,2,/mnt/DP_disk2/lyan/hadoop/logs/chukwa/metrics/chukwa-lyan-dfs-1307525357340.log,dfs.datanode,0,0,sr215, cluster="chukwa",sr215,0,364,0,0,246,118,0,0,0,2,0,2
1307525627,364,0,0,1,2,/mnt/DP_disk2/lyan/hadoop/logs/chukwa/metrics/chukwa-lyan-dfs-1307525357340.log,dfs.datanode,0,0,sr215, cluster="chukwa",sr215,0,364,0,0,246,118,0,0,0,2,0,2
1307525637,364,0,0,1,2,/mnt/DP_disk2/lyan/hadoop/logs/chukwa/metrics/chukwa-lyan-dfs-1307525357340.log,dfs.datanode,0,0,sr215, cluster="chukwa",sr215,0,364,0,0,246,118,0,0,0,2,0,2
1307525647,364,0,0,1,2,/mnt/DP_disk2/lyan/hadoop/logs/chukwa/metrics/chukwa-lyan-dfs-1307525357340.log,dfs.datanode,0,0,sr215, cluster="chukwa",sr215,0,364,0,0,246,118,0,0,0,2,0,2
1307525657,364,0,0,1,2,/mnt/DP_disk2/lyan/hadoop/logs/chukwa/metrics/chukwa-lyan-dfs-1307525357340.log,dfs.datanode,0,0,sr215, cluster="chukwa",sr215,0,364,0,0,246,118,0,0,0,2,0,2
1307525667,364,0,0,1,2,/mnt/DP_disk2/lyan/hadoop/logs/chukwa/metrics/chukwa-lyan-dfs-1307525357340.log,dfs.datanode,0,0,sr215, cluster="chukwa",sr215,0,364,0,0,246,118,0,0,0,2,0,2
1307525677,364,0,0,1,6,/mnt/DP_disk2/lyan/hadoop/logs/chukwa/metrics/chukwa-lyan-dfs-1307525357340.log,dfs.datanode,0,0,sr215, cluster="chukwa",sr215,0,364,0,0,246,118,0,0,7217,6,1,5
1307525687,364,0,0,1,13,/mnt/DP_disk2/lyan/hadoop/logs/chukwa/metrics/chukwa-lyan-dfs-1307525357340.log,dfs.datanode,0,0,sr215, cluster="chukwa",sr215,0,364,0,0,246,118,0,0,11459,13,3,10
1307525697,364,0,0,1,21,/mnt/DP_disk2/lyan/hadoop/logs/chukwa/metrics/chukwa-lyan-dfs-1307525357340.log,dfs.datanode,0,0,sr215, cluster="chukwa",sr215,0,364,0,0,246,118,0,0,7118,21,5,16
1307525707,364,0,0,1,23,/mnt/DP_disk2/lyan/hadoop/logs/chukwa/metrics/chukwa-lyan-dfs-1307525357340.log,dfs.datanode,0,0,sr215, cluster="chukwa",sr215,0,364,0,0,246,118,0,0,3471,23,5,18
1307525717,364,0,0,1,25,/mnt/DP_disk2/lyan/hadoop/logs/chukwa/metrics/chukwa-lyan-dfs-1307525357340.log,dfs.datanode,0,0,sr215, cluster="chukwa",sr215,0,364,0,0,246,118,0,0,3216,25,5,20
1307525727,364,0,0,1,27,/mnt/DP_disk2/lyan/hadoop/logs/chukwa/metrics/chukwa-lyan-dfs-1307525357340.log,dfs.datanode,0,0,sr215, cluster="chukwa",sr215,0,364,0,0,246,118,0,0,3871,27,5,22
1307525737,364,0,0,1,30,/mnt/DP_disk2/lyan/hadoop/logs/chukwa/metrics/chukwa-lyan-dfs-1307525357340.log,dfs.datanode,0,0,sr215, cluster="chukwa",sr215,0,364,0,0,246,118,0,0,2328,30,6,24
1307525747,364,0,0,1,33,/mnt/DP_disk2/lyan/hadoop/logs/chukwa/metrics/chukwa-lyan-dfs-1307525357340.log,dfs.datanode,0,0,sr215, cluster="chukwa",sr215,0,364,0,0,246,118,0,0,5397,33,7,26
1307525757,364,0,0,1,36,/mnt/DP_disk2/lyan/hadoop/logs/chukwa/metrics/chukwa-lyan-dfs-1307525357340.log,dfs.datanode,0,0,sr215, cluster="chukwa",sr215,0,364,0,0,246,118,0,0,5196,36,9,27
1307525767,364,0,0,1,41,/mnt/DP_disk2/lyan/hadoop/logs/chukwa/metrics/chukwa-lyan-dfs-1307525357340.log,dfs.datanode,0,0,sr215, cluster="chukwa",sr215,0,364,0,0,246,118,0,0,5489,41,11,30
1307525777,364,0,0,1,45,/mnt/DP_disk2/lyan/hadoop/logs/chukwa/metrics/chukwa-lyan-dfs-1307525357340.log,dfs.datanode,0,0,sr215, cluster="chukwa",sr215,0,364,0,0,246,118,0,0,7440,45,14,31
1307525787,364,0,0,1,52,/mnt/DP_disk2/lyan/hadoop/logs/chukwa/metrics/chukwa-lyan-dfs-1307525357340.log,dfs.datanode,0,0,sr215, cluster="chukwa",sr215,0,364,0,0,246,118,0,0,16015,52,17,35
1307525797,364,0,0,1,55,/mnt/DP_disk2/lyan/hadoop/logs/chukwa/metrics/chukwa-lyan-dfs-1307525357340.log,dfs.datanode,0,0,sr215, cluster="chukwa",sr215,0,364,0,0,246,118,0,0,18986,55,19,36
1307525807,364,0,0,1,63,/mnt/DP_disk2/lyan/hadoop/logs/chukwa/metrics/chukwa-lyan-dfs-1307525357340.log,dfs.datanode,0,0,sr215, cluster="chukwa",sr215,0,364,0,0,246,118,0,0,14068,63,20,43
1307525817,364,0,0,1,71,/mnt/DP_disk2/lyan/hadoop/logs/chukwa/metrics/chukwa-lyan-dfs-1307525357340.log,dfs.datanode,0,0,sr215, cluster="chukwa",sr215,0,364,0,0,246,118,0,0,16381,71,24,47
1307525827,364,0,0,1,77,/mnt/DP_disk2/lyan/hadoop/logs/chukwa/metrics/chukwa-lyan-dfs-1307525357340.log,dfs.datanode,0,0,sr215, cluster="chukwa",sr215,0,364,0,0,246,118,0,0,14137,77,25,52
1307525837,364,0,0,1,85,/mnt/DP_disk2/lyan/hadoop/logs/chukwa/metrics/chukwa-lyan-dfs-1307525357340.log,dfs.datanode,0,0,sr215, cluster="chukwa",sr215,0,364,0,0,246,118,0,0,17926,85,28,57
1307525847,364,0,0,1,91,/mnt/DP_disk2/lyan/hadoop/logs/chukwa/metrics/chukwa-lyan-dfs-1307525357340.log,dfs.datanode,0,0,sr215, cluster="chukwa",sr215,0,364,0,0,246,118,0,0,16527,91,30,61
1307525857,364,0,0,1,100,/mnt/DP_disk2/lyan/hadoop/logs/chukwa/metrics/chukwa-lyan-dfs-1307525357340.log,dfs.datanode,0,0,sr215, cluster="chukwa",sr215,0,364,0,0,246,118,0,0,17931,100,32,68
1307525867,364,0,0,1,106,/mnt/DP_disk2/lyan/hadoop/logs/chukwa/metrics/chukwa-lyan-dfs-1307525357340.log,dfs.datanode,0,0,sr215, cluster="chukwa",sr215,0,364,0,0,246,118,0,0,17014,106,35,71
1307525877,364,0,0,1,117,/mnt/DP_disk2/lyan/hadoop/logs/chukwa/metrics/chukwa-lyan-dfs-1307525357340.log,dfs.datanode,0,0,sr215, cluster="chukwa",sr215,0,364,0,0,246,118,0,0,18377,117,38,79
1307525887,364,0,0,1,123,/mnt/DP_disk2/lyan/hadoop/logs/chukwa/metrics/chukwa-lyan-dfs-1307525357340.log,dfs.datanode,0,0,sr215, cluster="chukwa",sr215,0,364,0,0,246,118,0,0,15426,123,39,84
1307525897,364,0,0,1,131,/mnt/DP_disk2/lyan/hadoop/logs/chukwa/metrics/chukwa-lyan-dfs-1307525357340.log,dfs.datanode,0,0,sr215, cluster="chukwa",sr215,0,364,0,0,246,118,0,0,19309,131,42,89
1307525907,364,0,0,1,140,/mnt/DP_disk2/lyan/hadoop/logs/chukwa/metrics/chukwa-lyan-dfs-1307525357340.log,dfs.datanode,0,0,sr215, cluster="chukwa",sr215,0,364,0,0,246,118,0,0,19103,140,43,97
1307525917,364,0,0,1,148,/mnt/DP_disk2/lyan/hadoop/logs/chukwa/metrics/chukwa-lyan-dfs-1307525357340.log,dfs.datanode,0,0,sr215, cluster="chukwa",sr215,0,364,0,0,246,118,0,0,18749,148,44,104
1307525927,364,0,0,1,156,/mnt/DP_disk2/lyan/hadoop/logs/chukwa/metrics/chukwa-lyan-dfs-1307525357340.log,dfs.datanode,0,0,sr215, cluster="chukwa",sr215,0,364,0,0,246,118,0,0,21276,156,47,109
1307525937,364,0,0,1,166,/mnt/DP_disk2/lyan/hadoop/logs/chukwa/metrics/chukwa-lyan-dfs-1307525357340.log,dfs.datanode,0,0,sr215, cluster="chukwa",sr215,0,364,0,0,246,118,0,0,16322,166,50,116
1307525947,364,0,0,1,171,/mnt/DP_disk2/lyan/hadoop/logs/chukwa/metrics/chukwa-lyan-dfs-1307525357340.log,dfs.datanode,0,0,sr215, cluster="chukwa",sr215,0,364,0,0,246,118,0,0,15275,170,51,119
1307525957,364,0,0,1,181,/mnt/DP_disk2/lyan/hadoop/logs/chukwa/metrics/chukwa-lyan-dfs-1307525357340.log,dfs.datanode,0,0,sr215, cluster="chukwa",sr215,0,364,0,0,246,118,0,0,15392,181,54,127
1307525967,364,0,0,1,188,/mnt/DP_disk2/lyan/hadoop/logs/chukwa/metrics/chukwa-lyan-dfs-1307525357340.log,dfs.datanode,0,0,sr215, cluster="chukwa",sr215,0,364,0,0,246,118,0,0,12603,188,55,133
1307525977,364,0,0,1,192,/mnt/DP_disk2/lyan/hadoop/logs/chukwa/metrics/chukwa-lyan-dfs-1307525357340.log,dfs.datanode,0,0,sr215, cluster="chukwa",sr215,0,364,0,0,246,118,0,0,15927,192,57,135
1307525987,364,0,0,1,201,/mnt/DP_disk2/lyan/hadoop/logs/chukwa/metrics/chukwa-lyan-dfs-1307525357340.log,dfs.datanode,0,0,sr215, cluster="chukwa",sr215,0,364,0,0,246,118,0,0,16435,201,60,141
1307525997,364,0,0,1,208,/mnt/DP_disk2/lyan/hadoop/logs/chukwa/metrics/chukwa-lyan-dfs-1307525357340.log,dfs.datanode,0,0,sr215, cluster="chukwa",sr215,0,364,0,0,246,118,0,0,12729,208,62,146
1307526007,364,0,0,1,215,/mnt/DP_disk2/lyan/hadoop/logs/chukwa/metrics/chukwa-lyan-dfs-1307525357340.log,dfs.datanode,0,0,sr215, cluster="chukwa",sr215,0,364,0,0,246,118,0,0,15879,215,65,150
1307526017,364,0,0,1,223,/mnt/DP_disk2/lyan/hadoop/logs/chukwa/metrics/chukwa-lyan-dfs-1307525357340.log,dfs.datanode,0,0,sr215, cluster="chukwa",sr215,0,364,0,0,246,118,0,0,11098,223,66,157
1307526027,364,0,0,1,230,/mnt/DP_disk2/lyan/hadoop/logs/chukwa/metrics/chukwa-lyan-dfs-1307525357340.log,dfs.datanode,0,0,sr215, cluster="chukwa",sr215,0,364,0,0,246,118,0,0,20720,230,69,161
1307526037,364,0,0,1,239,/mnt/DP_disk2/lyan/hadoop/logs/chukwa/metrics/chukwa-lyan-dfs-1307525357340.log,dfs.datanode,0,0,sr215, cluster="chukwa",sr215,0,364,0,0,246,118,0,0,12534,239,73,166
1307526047,364,0,0,1,250,/mnt/DP_disk2/lyan/hadoop/logs/chukwa/metrics/chukwa-lyan-dfs-1307525357340.log,dfs.datanode,0,0,sr215, cluster="chukwa",sr215,0,364,0,0,246,118,0,0,9551,250,78,172
1307526057,364,0,0,1,257,/mnt/DP_disk2/lyan/hadoop/logs/chukwa/metrics/chukwa-lyan-dfs-1307525357340.log,dfs.datanode,0,0,sr215, cluster="chukwa",sr215,0,364,0,0,246,118,0,0,6459,257,83,174
1307526067,364,0,0,1,261,/mnt/DP_disk2/lyan/hadoop/logs/chukwa/metrics/chukwa-lyan-dfs-1307525357340.log,dfs.datanode,0,0,sr215, cluster="chukwa",sr215,0,364,0,0,246,118,0,0,4515,261,84,177
1307526077,364,0,0,2,264,/mnt/DP_disk2/lyan/hadoop/logs/chukwa/metrics/chukwa-lyan-dfs-1307525357340.log,dfs.datanode,0,0,sr215, cluster="chukwa",sr215,0,364,0,0,246,118,0,0,8085,264,84,180
1307526087,364,0,0,2,269,/mnt/DP_disk2/lyan/hadoop/logs/chukwa/metrics/chukwa-lyan-dfs-1307525357340.log,dfs.datanode,0,0,sr215, cluster="chukwa",sr215,0,364,0,0,246,118,0,0,2244,269,84,185
1307525437,3,1,0,0,4,/mnt/DP_disk2/lyan/hadoop/logs/chukwa/metrics/chukwa-lyan-dfs-1307525357678.log,dfs.datanode,0,0,sr216, cluster="chukwa",sr216,165,3,0,0,0,3,0,0,13,4,0,4
1307525447,33,1,0,0,4,/mnt/DP_disk2/lyan/hadoop/logs/chukwa/metrics/chukwa-lyan-dfs-1307525357678.log,dfs.datanode,0,0,sr216, cluster="chukwa",sr216,1305,33,0,0,25,8,0,0,0,4,0,4
1307525457,62,1,0,0,4,/mnt/DP_disk2/lyan/hadoop/logs/chukwa/metrics/chukwa-lyan-dfs-1307525357678.log,dfs.datanode,0,0,sr216, cluster="chukwa",sr216,2183,62,0,0,49,13,0,0,0,4,0,4
1307525467,83,1,0,0,4,/mnt/DP_disk2/lyan/hadoop/logs/chukwa/metrics/chukwa-lyan-dfs-1307525357678.log,dfs.datanode,0,0,sr216, cluster="chukwa",sr216,9352,83,0,0,62,21,0,0,0,4,0,4
1307525477,123,1,0,0,4,/mnt/DP_disk2/lyan/hadoop/logs/chukwa/metrics/chukwa-lyan-dfs-1307525357678.log,dfs.datanode,0,0,sr216, cluster="chukwa",sr216,3295,123,0,0,91,32,0,0,0,4,0,4
1307525487,160,1,0,0,4,/mnt/DP_disk2/lyan/hadoop/logs/chukwa/metrics/chukwa-lyan-dfs-1307525357678.log,dfs.datanode,0,0,sr216, cluster="chukwa",sr216,3578,160,0,0,113,47,0,0,0,4,0,4
1307525497,192,1,0,1,4,/mnt/DP_disk2/lyan/hadoop/logs/chukwa/metrics/chukwa-lyan-dfs-1307525357678.log,dfs.datanode,0,0,sr216, cluster="chukwa",sr216,1700,192,0,0,137,55,0,0,0,4,0,4
1307525507,208,1,0,1,4,/mnt/DP_disk2/lyan/hadoop/logs/chukwa/metrics/chukwa-lyan-dfs-1307525357678.log,dfs.datanode,0,0,sr216, cluster="chukwa",sr216,5903,208,0,0,148,60,0,0,0,4,0,4
1307525517,228,1,0,1,4,/mnt/DP_disk2/lyan/hadoop/logs/chukwa/metrics/chukwa-lyan-dfs-1307525357678.log,dfs.datanode,0,0,sr216, cluster="chukwa",sr216,5319,228,0,0,160,68,0,0,0,4,0,4
1307525527,243,1,0,1,4,/mnt/DP_disk2/lyan/hadoop/logs/chukwa/metrics/chukwa-lyan-dfs-1307525357678.log,dfs.datanode,0,0,sr216, cluster="chukwa",sr216,4104,243,0,0,169,74,0,0,0,4,0,4
1307525562,250,1,0,1,4,/mnt/DP_disk2/lyan/hadoop/logs/chukwa/metrics/chukwa-lyan-dfs-1307525357678.log,dfs.datanode,0,0,sr216, cluster="chukwa",sr216,17299,250,0,0,171,79,0,0,0,4,0,4
1307525597,251,1,0,1,4,/mnt/DP_disk2/lyan/hadoop/logs/chukwa/metrics/chukwa-lyan-dfs-1307525357678.log,dfs.datanode,0,0,sr216, cluster="chukwa",sr216,0,251,0,0,171,80,0,0,0,4,0,4
1307525597,251,1,0,1,4,/mnt/DP_disk2/lyan/hadoop/logs/chukwa/metrics/chukwa-lyan-dfs-1307525357678.log,dfs.datanode,0,0,sr216, cluster="chukwa",sr216,0,251,0,0,171,80,0,0,0,4,0,4
1307525597,251,1,0,1,4,/mnt/DP_disk2/lyan/hadoop/logs/chukwa/metrics/chukwa-lyan-dfs-1307525357678.log,dfs.datanode,0,0,sr216, cluster="chukwa",sr216,0,251,0,0,171,80,0,0,0,4,0,4
1307525597,251,1,0,1,4,/mnt/DP_disk2/lyan/hadoop/logs/chukwa/metrics/chukwa-lyan-dfs-1307525357678.log,dfs.datanode,0,0,sr216, cluster="chukwa",sr216,0,251,0,0,171,80,0,0,0,4,0,4
1307525597,251,1,0,1,4,/mnt/DP_disk2/lyan/hadoop/logs/chukwa/metrics/chukwa-lyan-dfs-1307525357678.log,dfs.datanode,0,0,sr216, cluster="chukwa",sr216,0,251,0,0,171,80,0,0,0,4,0,4
1307525597,251,1,0,1,4,/mnt/DP_disk2/lyan/hadoop/logs/chukwa/metrics/chukwa-lyan-dfs-1307525357678.log,dfs.datanode,0,0,sr216, cluster="chukwa",sr216,35189,251,0,0,171,80,0,0,0,4,0,4
1307525654,270,1,0,1,4,/mnt/DP_disk2/lyan/hadoop/logs/chukwa/metrics/chukwa-lyan-dfs-1307525357678.log,dfs.datanode,0,0,sr216, cluster="chukwa",sr216,14906,270,0,0,175,95,0,0,0,4,0,4
1307525654,270,1,0,1,4,/mnt/DP_disk2/lyan/hadoop/logs/chukwa/metrics/chukwa-lyan-dfs-1307525357678.log,dfs.datanode,0,0,sr216, cluster="chukwa",sr216,0,270,0,0,175,95,0,0,0,4,0,4
1307525654,270,1,0,1,4,/mnt/DP_disk2/lyan/hadoop/logs/chukwa/metrics/chukwa-lyan-dfs-1307525357678.log,dfs.datanode,0,0,sr216, cluster="chukwa",sr216,0,270,0,0,175,95,0,0,0,4,0,4
1307525654,270,1,0,1,4,/mnt/DP_disk2/lyan/hadoop/logs/chukwa/metrics/chukwa-lyan-dfs-1307525357678.log,dfs.datanode,0,0,sr216, cluster="chukwa",sr216,0,270,0,0,175,95,0,0,0,4,0,4
1307525654,270,1,0,1,4,/mnt/DP_disk2/lyan/hadoop/logs/chukwa/metrics/chukwa-lyan-dfs-1307525357678.log,dfs.datanode,0,0,sr216, cluster="chukwa",sr216,0,270,0,0,175,95,0,0,0,4,0,4
1307525657,276,1,0,1,4,/mnt/DP_disk2/lyan/hadoop/logs/chukwa/metrics/chukwa-lyan-dfs-1307525357678.log,dfs.datanode,0,0,sr216, cluster="chukwa",sr216,23718,276,0,0,179,97,0,0,0,4,0,4
1307525668,277,1,0,1,4,/mnt/DP_disk2/lyan/hadoop/logs/chukwa/metrics/chukwa-lyan-dfs-1307525357678.log,dfs.datanode,0,0,sr216, cluster="chukwa",sr216,59076,277,0,0,179,98,0,0,0,4,0,4
1307525755,277,1,0,1,4,/mnt/DP_disk2/lyan/hadoop/logs/chukwa/metrics/chukwa-lyan-dfs-1307525357678.log,dfs.datanode,0,0,sr216, cluster="chukwa",sr216,0,277,0,0,179,98,0,0,0,4,0,4
1307525756,277,1,0,1,4,/mnt/DP_disk2/lyan/hadoop/logs/chukwa/metrics/chukwa-lyan-dfs-1307525357678.log,dfs.datanode,0,0,sr216, cluster="chukwa",sr216,0,277,0,0,179,98,0,0,0,4,0,4
1307525756,277,1,0,1,4,/mnt/DP_disk2/lyan/hadoop/logs/chukwa/metrics/chukwa-lyan-dfs-1307525357678.log,dfs.datanode,0,0,sr216, cluster="chukwa",sr216,0,277,0,0,179,98,0,0,0,4,0,4
1307525756,277,1,0,1,4,/mnt/DP_disk2/lyan/hadoop/logs/chukwa/metrics/chukwa-lyan-dfs-1307525357678.log,dfs.datanode,0,0,sr216, cluster="chukwa",sr216,0,277,0,0,179,98,0,0,0,4,0,4
1307525756,277,1,0,1,4,/mnt/DP_disk2/lyan/hadoop/logs/chukwa/metrics/chukwa-lyan-dfs-1307525357678.log,dfs.datanode,0,0,sr216, cluster="chukwa",sr216,0,277,0,0,179,98,0,0,0,4,0,4
1307525756,277,1,0,1,4,/mnt/DP_disk2/lyan/hadoop/logs/chukwa/metrics/chukwa-lyan-dfs-1307525357678.log,dfs.datanode,0,0,sr216, cluster="chukwa",sr216,0,277,0,0,179,98,0,0,0,4,0,4
1307525756,277,1,0,1,4,/mnt/DP_disk2/lyan/hadoop/logs/chukwa/metrics/chukwa-lyan-dfs-1307525357678.log,dfs.datanode,0,0,sr216, cluster="chukwa",sr216,0,277,0,0,179,98,0,0,0,4,0,4
1307525756,277,1,0,1,4,/mnt/DP_disk2/lyan/hadoop/logs/chukwa/metrics/chukwa-lyan-dfs-1307525357678.log,dfs.datanode,0,0,sr216, cluster="chukwa",sr216,0,277,0,0,179,98,0,0,0,4,0,4
1307525757,277,1,0,1,4,/mnt/DP_disk2/lyan/hadoop/logs/chukwa/metrics/chukwa-lyan-dfs-1307525357678.log,dfs.datanode,0,0,sr216, cluster="chukwa",sr216,0,277,0,0,179,98,0,0,0,4,0,4
1307525767,277,1,0,1,5,/mnt/DP_disk2/lyan/hadoop/logs/chukwa/metrics/chukwa-lyan-dfs-1307525357678.log,dfs.datanode,0,0,sr216, cluster="chukwa",sr216,0,277,0,0,179,98,0,0,5615,5,1,4
1307525777,277,1,0,1,9,/mnt/DP_disk2/lyan/hadoop/logs/chukwa/metrics/chukwa-lyan-dfs-1307525357678.log,dfs.datanode,0,0,sr216, cluster="chukwa",sr216,0,277,0,0,179,98,0,0,12585,9,5,4
1307525787,277,1,0,1,21,/mnt/DP_disk2/lyan/hadoop/logs/chukwa/metrics/chukwa-lyan-dfs-1307525357678.log,dfs.datanode,0,0,sr216, cluster="chukwa",sr216,0,277,0,0,179,98,0,0,23352,21,8,13
1307525797,277,1,0,1,36,/mnt/DP_disk2/lyan/hadoop/logs/chukwa/metrics/chukwa-lyan-dfs-1307525357678.log,dfs.datanode,0,0,sr216, cluster="chukwa",sr216,0,277,0,0,179,98,0,0,29022,36,12,24
1307525807,277,1,0,1,40,/mnt/DP_disk2/lyan/hadoop/logs/chukwa/metrics/chukwa-lyan-dfs-1307525357678.log,dfs.datanode,0,0,sr216, cluster="chukwa",sr216,0,277,0,0,179,98,0,0,17335,40,14,26
1307525817,277,1,0,1,49,/mnt/DP_disk2/lyan/hadoop/logs/chukwa/metrics/chukwa-lyan-dfs-1307525357678.log,dfs.datanode,0,0,sr216, cluster="chukwa",sr216,0,277,0,0,179,98,0,0,23019,49,16,33
1307525827,277,1,0,1,57,/mnt/DP_disk2/lyan/hadoop/logs/chukwa/metrics/chukwa-lyan-dfs-1307525357678.log,dfs.datanode,0,0,sr216, cluster="chukwa",sr216,0,277,0,0,179,98,0,0,17039,57,19,38
1307525837,277,1,0,1,65,/mnt/DP_disk2/lyan/hadoop/logs/chukwa/metrics/chukwa-lyan-dfs-1307525357678.log,dfs.datanode,0,0,sr216, cluster="chukwa",sr216,0,277,0,0,179,98,0,0,15902,65,20,45
1307525847,277,1,0,1,72,/mnt/DP_disk2/lyan/hadoop/logs/chukwa/metrics/chukwa-lyan-dfs-1307525357678.log,dfs.datanode,0,0,sr216, cluster="chukwa",sr216,0,277,0,0,179,98,0,0,18223,72,24,48
1307525857,277,1,0,1,75,/mnt/DP_disk2/lyan/hadoop/logs/chukwa/metrics/chukwa-lyan-dfs-1307525357678.log,dfs.datanode,0,0,sr216, cluster="chukwa",sr216,0,277,0,0,179,98,0,0,12043,75,25,50
1307525867,277,1,0,1,81,/mnt/DP_disk2/lyan/hadoop/logs/chukwa/metrics/chukwa-lyan-dfs-1307525357678.log,dfs.datanode,0,0,sr216, cluster="chukwa",sr216,0,277,0,0,179,98,0,0,16541,81,27,54
1307525877,277,1,0,1,91,/mnt/DP_disk2/lyan/hadoop/logs/chukwa/metrics/chukwa-lyan-dfs-1307525357678.log,dfs.datanode,0,0,sr216, cluster="chukwa",sr216,0,277,0,0,179,98,0,0,19399,91,30,61
1307525887,277,1,0,1,97,/mnt/DP_disk2/lyan/hadoop/logs/chukwa/metrics/chukwa-lyan-dfs-1307525357678.log,dfs.datanode,0,0,sr216, cluster="chukwa",sr216,0,277,0,0,179,98,0,0,13086,97,31,66
1307525897,277,1,0,1,102,/mnt/DP_disk2/lyan/hadoop/logs/chukwa/metrics/chukwa-lyan-dfs-1307525357678.log,dfs.datanode,0,0,sr216, cluster="chukwa",sr216,0,277,0,0,179,98,0,0,16122,102,32,70
1307525907,277,1,0,1,110,/mnt/DP_disk2/lyan/hadoop/logs/chukwa/metrics/chukwa-lyan-dfs-1307525357678.log,dfs.datanode,0,0,sr216, cluster="chukwa",sr216,0,277,0,0,179,98,0,0,18155,110,36,74
1307525917,277,1,0,1,116,/mnt/DP_disk2/lyan/hadoop/logs/chukwa/metrics/chukwa-lyan-dfs-1307525357678.log,dfs.datanode,0,0,sr216, cluster="chukwa",sr216,0,277,0,0,179,98,0,0,13396,116,39,77
1307525927,277,1,0,1,119,/mnt/DP_disk2/lyan/hadoop/logs/chukwa/metrics/chukwa-lyan-dfs-1307525357678.log,dfs.datanode,0,0,sr216, cluster="chukwa",sr216,0,277,0,0,179,98,0,0,16709,119,40,79
1307525937,277,1,0,1,125,/mnt/DP_disk2/lyan/hadoop/logs/chukwa/metrics/chukwa-lyan-dfs-1307525357678.log,dfs.datanode,0,0,sr216, cluster="chukwa",sr216,0,277,0,0,179,98,0,0,14203,125,43,82
1307525947,277,1,0,1,131,/mnt/DP_disk2/lyan/hadoop/logs/chukwa/metrics/chukwa-lyan-dfs-1307525357678.log,dfs.datanode,0,0,sr216, cluster="chukwa",sr216,0,277,0,0,179,98,0,0,18645,131,44,87
1307525957,277,1,0,1,137,/mnt/DP_disk2/lyan/hadoop/logs/chukwa/metrics/chukwa-lyan-dfs-1307525357678.log,dfs.datanode,0,0,sr216, cluster="chukwa",sr216,0,277,0,0,179,98,0,0,19807,137,46,91
1307525967,277,1,0,1,146,/mnt/DP_disk2/lyan/hadoop/logs/chukwa/metrics/chukwa-lyan-dfs-1307525357678.log,dfs.datanode,0,0,sr216, cluster="chukwa",sr216,0,277,0,0,179,98,0,0,17643,146,49,97
1307525977,277,1,0,1,154,/mnt/DP_disk2/lyan/hadoop/logs/chukwa/metrics/chukwa-lyan-dfs-1307525357678.log,dfs.datanode,0,0,sr216, cluster="chukwa",sr216,0,277,0,0,179,98,0,0,22486,154,51,103
1307525987,277,1,0,1,162,/mnt/DP_disk2/lyan/hadoop/logs/chukwa/metrics/chukwa-lyan-dfs-1307525357678.log,dfs.datanode,0,0,sr216, cluster="chukwa",sr216,0,277,0,0,179,98,0,0,24727,162,52,110
1307525997,277,1,0,1,171,/mnt/DP_disk2/lyan/hadoop/logs/chukwa/metrics/chukwa-lyan-dfs-1307525357678.log,dfs.datanode,0,0,sr216, cluster="chukwa",sr216,0,277,0,0,179,98,0,0,16535,171,54,117
1307526007,277,1,0,1,181,/mnt/DP_disk2/lyan/hadoop/logs/chukwa/metrics/chukwa-lyan-dfs-1307525357678.log,dfs.datanode,0,0,sr216, cluster="chukwa",sr216,0,277,0,0,179,98,0,0,16514,181,57,124
1307526017,277,1,0,1,186,/mnt/DP_disk2/lyan/hadoop/logs/chukwa/metrics/chukwa-lyan-dfs-1307525357678.log,dfs.datanode,0,0,sr216, cluster="chukwa",sr216,0,277,0,0,179,98,0,0,12400,186,58,128
1307526027,277,1,0,1,196,/mnt/DP_disk2/lyan/hadoop/logs/chukwa/metrics/chukwa-lyan-dfs-1307525357678.log,dfs.datanode,0,0,sr216, cluster="chukwa",sr216,0,277,0,0,179,98,0,0,16592,196,62,134
1307526037,277,1,0,1,204,/mnt/DP_disk2/lyan/hadoop/logs/chukwa/metrics/chukwa-lyan-dfs-1307525357678.log,dfs.datanode,0,0,sr216, cluster="chukwa",sr216,0,277,0,0,179,98,0,0,16027,204,62,142
1307526047,277,1,0,1,212,/mnt/DP_disk2/lyan/hadoop/logs/chukwa/metrics/chukwa-lyan-dfs-1307525357678.log,dfs.datanode,0,0,sr216, cluster="chukwa",sr216,0,277,0,0,179,98,0,0,12967,212,66,146
1307526057,277,1,0,1,222,/mnt/DP_disk2/lyan/hadoop/logs/chukwa/metrics/chukwa-lyan-dfs-1307525357678.log,dfs.datanode,0,0,sr216, cluster="chukwa",sr216,0,277,0,0,179,98,0,0,11495,222,69,153
1307526067,277,1,0,1,228,/mnt/DP_disk2/lyan/hadoop/logs/chukwa/metrics/chukwa-lyan-dfs-1307525357678.log,dfs.datanode,0,0,sr216, cluster="chukwa",sr216,0,277,0,0,179,98,0,0,12436,228,73,155
1307526077,277,1,0,2,233,/mnt/DP_disk2/lyan/hadoop/logs/chukwa/metrics/chukwa-lyan-dfs-1307525357678.log,dfs.datanode,0,0,sr216, cluster="chukwa",sr216,0,277,0,0,179,98,0,0,9936,233,78,155
1307526087,277,1,0,2,243,/mnt/DP_disk2/lyan/hadoop/logs/chukwa/metrics/chukwa-lyan-dfs-1307525357678.log,dfs.datanode,0,0,sr216, cluster="chukwa",sr216,0,277,0,0,179,98,0,0,3875,243,84,159
1307525436,3,0,0,1,2,/mnt/DP_disk2/lyan/hadoop/logs/chukwa/metrics/chukwa-lyan-dfs-1307525356707.log,dfs.datanode,0,0,sr217, cluster="chukwa",sr217,37,3,0,0,0,3,0,0,123,2,0,2
1307525446,40,0,0,1,2,/mnt/DP_disk2/lyan/hadoop/logs/chukwa/metrics/chukwa-lyan-dfs-1307525356707.log,dfs.datanode,0,0,sr217, cluster="chukwa",sr217,661,40,0,0,23,17,0,0,0,2,0,2
1307525456,75,0,0,1,2,/mnt/DP_disk2/lyan/hadoop/logs/chukwa/metrics/chukwa-lyan-dfs-1307525356707.log,dfs.datanode,0,0,sr217, cluster="chukwa",sr217,5625,75,0,0,49,26,0,0,0,2,0,2
1307525466,108,0,0,1,2,/mnt/DP_disk2/lyan/hadoop/logs/chukwa/metrics/chukwa-lyan-dfs-1307525356707.log,dfs.datanode,0,0,sr217, cluster="chukwa",sr217,2035,108,0,0,74,34,0,0,0,2,0,2
1307525476,140,0,0,1,2,/mnt/DP_disk2/lyan/hadoop/logs/chukwa/metrics/chukwa-lyan-dfs-1307525356707.log,dfs.datanode,0,0,sr217, cluster="chukwa",sr217,7178,140,0,0,94,46,0,0,0,2,0,2
1307525486,170,0,0,1,2,/mnt/DP_disk2/lyan/hadoop/logs/chukwa/metrics/chukwa-lyan-dfs-1307525356707.log,dfs.datanode,0,0,sr217, cluster="chukwa",sr217,4692,170,0,0,116,54,0,0,0,2,0,2
1307525496,203,0,0,1,2,/mnt/DP_disk2/lyan/hadoop/logs/chukwa/metrics/chukwa-lyan-dfs-1307525356707.log,dfs.datanode,0,0,sr217, cluster="chukwa",sr217,2499,203,0,0,143,60,0,0,0,2,0,2
1307525506,226,0,0,1,2,/mnt/DP_disk2/lyan/hadoop/logs/chukwa/metrics/chukwa-lyan-dfs-1307525356707.log,dfs.datanode,0,0,sr217, cluster="chukwa",sr217,6715,226,0,0,159,67,0,0,0,2,0,2
1307525516,235,0,0,1,2,/mnt/DP_disk2/lyan/hadoop/logs/chukwa/metrics/chukwa-lyan-dfs-1307525356707.log,dfs.datanode,0,0,sr217, cluster="chukwa",sr217,8079,235,0,0,166,69,0,0,0,2,0,2
1307525526,249,0,0,1,2,/mnt/DP_disk2/lyan/hadoop/logs/chukwa/metrics/chukwa-lyan-dfs-1307525356707.log,dfs.datanode,0,0,sr217, cluster="chukwa",sr217,5072,249,0,0,175,74,0,0,0,2,0,2
1307525536,270,0,0,1,2,/mnt/DP_disk2/lyan/hadoop/logs/chukwa/metrics/chukwa-lyan-dfs-1307525356707.log,dfs.datanode,0,0,sr217, cluster="chukwa",sr217,3927,270,0,0,195,75,0,0,0,2,0,2
1307525546,286,0,0,1,2,/mnt/DP_disk2/lyan/hadoop/logs/chukwa/metrics/chukwa-lyan-dfs-1307525356707.log,dfs.datanode,0,0,sr217, cluster="chukwa",sr217,6971,286,0,0,211,75,0,0,0,2,0,2
1307525556,302,0,0,1,2,/mnt/DP_disk2/lyan/hadoop/logs/chukwa/metrics/chukwa-lyan-dfs-1307525356707.log,dfs.datanode,0,0,sr217, cluster="chukwa",sr217,8345,302,0,0,222,80,0,0,0,2,0,2
1307525566,316,0,0,1,2,/mnt/DP_disk2/lyan/hadoop/logs/chukwa/metrics/chukwa-lyan-dfs-1307525356707.log,dfs.datanode,0,0,sr217, cluster="chukwa",sr217,10972,316,0,0,227,89,0,0,0,2,0,2
1307525576,322,0,0,1,2,/mnt/DP_disk2/lyan/hadoop/logs/chukwa/metrics/chukwa-lyan-dfs-1307525356707.log,dfs.datanode,0,0,sr217, cluster="chukwa",sr217,3714,322,0,0,231,91,0,0,0,2,0,2
1307525586,327,0,0,1,2,/mnt/DP_disk2/lyan/hadoop/logs/chukwa/metrics/chukwa-lyan-dfs-1307525356707.log,dfs.datanode,0,0,sr217, cluster="chukwa",sr217,4039,327,0,0,233,94,0,0,0,2,0,2
1307525596,330,0,0,1,2,/mnt/DP_disk2/lyan/hadoop/logs/chukwa/metrics/chukwa-lyan-dfs-1307525356707.log,dfs.datanode,0,0,sr217, cluster="chukwa",sr217,6676,330,0,0,235,95,0,0,0,2,0,2
1307525606,330,0,0,1,2,/mnt/DP_disk2/lyan/hadoop/logs/chukwa/metrics/chukwa-lyan-dfs-1307525356707.log,dfs.datanode,0,0,sr217, cluster="chukwa",sr217,0,330,0,0,235,95,0,0,0,2,0,2
1307525616,330,0,0,1,2,/mnt/DP_disk2/lyan/hadoop/logs/chukwa/metrics/chukwa-lyan-dfs-1307525356707.log,dfs.datanode,0,0,sr217, cluster="chukwa",sr217,0,330,0,0,235,95,0,0,0,2,0,2
1307525626,330,0,0,1,2,/mnt/DP_disk2/lyan/hadoop/logs/chukwa/metrics/chukwa-lyan-dfs-1307525356707.log,dfs.datanode,0,0,sr217, cluster="chukwa",sr217,0,330,0,0,235,95,0,0,0,2,0,2
1307525636,330,0,0,1,2,/mnt/DP_disk2/lyan/hadoop/logs/chukwa/metrics/chukwa-lyan-dfs-1307525356707.log,dfs.datanode,0,0,sr217, cluster="chukwa",sr217,0,330,0,0,235,95,0,0,0,2,0,2
1307525646,330,0,0,1,2,/mnt/DP_disk2/lyan/hadoop/logs/chukwa/metrics/chukwa-lyan-dfs-1307525356707.log,dfs.datanode,0,0,sr217, cluster="chukwa",sr217,0,330,0,0,235,95,0,0,0,2,0,2
1307525656,330,0,0,1,2,/mnt/DP_disk2/lyan/hadoop/logs/chukwa/metrics/chukwa-lyan-dfs-1307525356707.log,dfs.datanode,0,0,sr217, cluster="chukwa",sr217,0,330,0,0,235,95,0,0,0,2,0,2
1307525666,330,0,0,1,2,/mnt/DP_disk2/lyan/hadoop/logs/chukwa/metrics/chukwa-lyan-dfs-1307525356707.log,dfs.datanode,0,0,sr217, cluster="chukwa",sr217,0,330,0,0,235,95,0,0,0,2,0,2
1307525676,330,0,0,1,2,/mnt/DP_disk2/lyan/hadoop/logs/chukwa/metrics/chukwa-lyan-dfs-1307525356707.log,dfs.datanode,0,0,sr217, cluster="chukwa",sr217,0,330,0,0,235,95,0,0,0,2,0,2
1307525686,330,0,0,1,6,/mnt/DP_disk2/lyan/hadoop/logs/chukwa/metrics/chukwa-lyan-dfs-1307525356707.log,dfs.datanode,0,0,sr217, cluster="chukwa",sr217,0,330,0,0,235,95,0,0,12654,6,1,5
1307525696,330,0,0,1,16,/mnt/DP_disk2/lyan/hadoop/logs/chukwa/metrics/chukwa-lyan-dfs-1307525356707.log,dfs.datanode,0,0,sr217, cluster="chukwa",sr217,0,330,0,0,235,95,0,0,13101,16,4,12
1307525706,330,0,0,1,22,/mnt/DP_disk2/lyan/hadoop/logs/chukwa/metrics/chukwa-lyan-dfs-1307525356707.log,dfs.datanode,0,0,sr217, cluster="chukwa",sr217,0,330,0,0,235,95,0,0,8994,22,7,15
1307525716,330,0,0,1,24,/mnt/DP_disk2/lyan/hadoop/logs/chukwa/metrics/chukwa-lyan-dfs-1307525356707.log,dfs.datanode,0,0,sr217, cluster="chukwa",sr217,0,330,0,0,235,95,0,0,7090,24,7,17
1307525726,330,0,0,1,25,/mnt/DP_disk2/lyan/hadoop/logs/chukwa/metrics/chukwa-lyan-dfs-1307525356707.log,dfs.datanode,0,0,sr217, cluster="chukwa",sr217,0,330,0,0,235,95,0,0,3328,25,7,18
1307525736,330,0,0,1,27,/mnt/DP_disk2/lyan/hadoop/logs/chukwa/metrics/chukwa-lyan-dfs-1307525356707.log,dfs.datanode,0,0,sr217, cluster="chukwa",sr217,0,330,0,0,235,95,0,0,3998,27,7,20
1307525746,330,0,0,1,30,/mnt/DP_disk2/lyan/hadoop/logs/chukwa/metrics/chukwa-lyan-dfs-1307525356707.log,dfs.datanode,0,0,sr217, cluster="chukwa",sr217,0,330,0,0,235,95,0,0,5387,30,7,23
1307525756,330,0,0,1,31,/mnt/DP_disk2/lyan/hadoop/logs/chukwa/metrics/chukwa-lyan-dfs-1307525356707.log,dfs.datanode,0,0,sr217, cluster="chukwa",sr217,0,330,0,0,235,95,0,0,4782,31,8,23
1307525766,330,0,0,1,36,/mnt/DP_disk2/lyan/hadoop/logs/chukwa/metrics/chukwa-lyan-dfs-1307525356707.log,dfs.datanode,0,0,sr217, cluster="chukwa",sr217,0,330,0,0,235,95,0,0,7902,36,10,26
1307525776,330,0,0,1,39,/mnt/DP_disk2/lyan/hadoop/logs/chukwa/metrics/chukwa-lyan-dfs-1307525356707.log,dfs.datanode,0,0,sr217, cluster="chukwa",sr217,0,330,0,0,235,95,0,0,8329,39,12,27
1307525786,330,0,0,1,45,/mnt/DP_disk2/lyan/hadoop/logs/chukwa/metrics/chukwa-lyan-dfs-1307525356707.log,dfs.datanode,0,0,sr217, cluster="chukwa",sr217,0,330,0,0,235,95,0,0,35382,45,14,31
1307525796,330,0,0,1,50,/mnt/DP_disk2/lyan/hadoop/logs/chukwa/metrics/chukwa-lyan-dfs-1307525356707.log,dfs.datanode,0,0,sr217, cluster="chukwa",sr217,0,330,0,0,235,95,0,0,46834,50,17,33
1307525806,330,0,0,1,60,/mnt/DP_disk2/lyan/hadoop/logs/chukwa/metrics/chukwa-lyan-dfs-1307525356707.log,dfs.datanode,0,0,sr217, cluster="chukwa",sr217,0,330,0,0,235,95,0,0,19975,60,21,39
1307525816,330,0,0,1,69,/mnt/DP_disk2/lyan/hadoop/logs/chukwa/metrics/chukwa-lyan-dfs-1307525356707.log,dfs.datanode,0,0,sr217, cluster="chukwa",sr217,0,330,0,0,235,95,0,0,23412,69,22,47
1307525826,330,0,0,1,74,/mnt/DP_disk2/lyan/hadoop/logs/chukwa/metrics/chukwa-lyan-dfs-1307525356707.log,dfs.datanode,0,0,sr217, cluster="chukwa",sr217,0,330,0,0,235,95,0,0,18878,74,25,49
1307525836,330,0,0,1,85,/mnt/DP_disk2/lyan/hadoop/logs/chukwa/metrics/chukwa-lyan-dfs-1307525356707.log,dfs.datanode,0,0,sr217, cluster="chukwa",sr217,0,330,0,0,235,95,0,0,19429,85,28,57
1307525846,330,0,0,1,93,/mnt/DP_disk2/lyan/hadoop/logs/chukwa/metrics/chukwa-lyan-dfs-1307525356707.log,dfs.datanode,0,0,sr217, cluster="chukwa",sr217,0,330,0,0,235,95,0,0,20174,93,30,63
1307525856,330,0,0,1,101,/mnt/DP_disk2/lyan/hadoop/logs/chukwa/metrics/chukwa-lyan-dfs-1307525356707.log,dfs.datanode,0,0,sr217, cluster="chukwa",sr217,0,330,0,0,235,95,0,0,19017,101,33,68
1307525866,330,0,0,1,106,/mnt/DP_disk2/lyan/hadoop/logs/chukwa/metrics/chukwa-lyan-dfs-1307525356707.log,dfs.datanode,0,0,sr217, cluster="chukwa",sr217,0,330,0,0,235,95,0,0,21289,106,33,73
1307525876,330,0,0,1,116,/mnt/DP_disk2/lyan/hadoop/logs/chukwa/metrics/chukwa-lyan-dfs-1307525356707.log,dfs.datanode,0,0,sr217, cluster="chukwa",sr217,0,330,0,0,235,95,0,0,19955,116,37,79
1307525886,330,0,0,1,118,/mnt/DP_disk2/lyan/hadoop/logs/chukwa/metrics/chukwa-lyan-dfs-1307525356707.log,dfs.datanode,0,0,sr217, cluster="chukwa",sr217,0,330,0,0,235,95,0,0,12995,118,38,80
1307525896,330,0,0,1,126,/mnt/DP_disk2/lyan/hadoop/logs/chukwa/metrics/chukwa-lyan-dfs-1307525356707.log,dfs.datanode,0,0,sr217, cluster="chukwa",sr217,0,330,0,0,235,95,0,0,16631,126,42,84
1307525906,330,0,0,1,132,/mnt/DP_disk2/lyan/hadoop/logs/chukwa/metrics/chukwa-lyan-dfs-1307525356707.log,dfs.datanode,0,0,sr217, cluster="chukwa",sr217,0,330,0,0,235,95,0,0,17997,132,44,88
1307525916,330,0,0,1,138,/mnt/DP_disk2/lyan/hadoop/logs/chukwa/metrics/chukwa-lyan-dfs-1307525356707.log,dfs.datanode,0,0,sr217, cluster="chukwa",sr217,0,330,0,0,235,95,0,0,17717,138,48,90
1307525926,330,0,0,1,144,/mnt/DP_disk2/lyan/hadoop/logs/chukwa/metrics/chukwa-lyan-dfs-1307525356707.log,dfs.datanode,0,0,sr217, cluster="chukwa",sr217,0,330,0,0,235,95,0,0,17716,144,50,94
1307525936,330,0,0,1,148,/mnt/DP_disk2/lyan/hadoop/logs/chukwa/metrics/chukwa-lyan-dfs-1307525356707.log,dfs.datanode,0,0,sr217, cluster="chukwa",sr217,0,330,0,0,235,95,0,0,15632,148,53,95
1307525946,330,0,0,1,155,/mnt/DP_disk2/lyan/hadoop/logs/chukwa/metrics/chukwa-lyan-dfs-1307525356707.log,dfs.datanode,0,0,sr217, cluster="chukwa",sr217,0,330,0,0,235,95,0,0,19056,155,55,100
1307525956,330,0,0,1,164,/mnt/DP_disk2/lyan/hadoop/logs/chukwa/metrics/chukwa-lyan-dfs-1307525356707.log,dfs.datanode,0,0,sr217, cluster="chukwa",sr217,0,330,0,0,235,95,0,0,18409,164,58,106
1307525966,330,0,0,1,169,/mnt/DP_disk2/lyan/hadoop/logs/chukwa/metrics/chukwa-lyan-dfs-1307525356707.log,dfs.datanode,0,0,sr217, cluster="chukwa",sr217,0,330,0,0,235,95,0,0,17716,169,59,110
1307525976,330,0,0,1,173,/mnt/DP_disk2/lyan/hadoop/logs/chukwa/metrics/chukwa-lyan-dfs-1307525356707.log,dfs.datanode,0,0,sr217, cluster="chukwa",sr217,0,330,0,0,235,95,0,0,21803,173,62,111
1307525986,330,0,0,1,179,/mnt/DP_disk2/lyan/hadoop/logs/chukwa/metrics/chukwa-lyan-dfs-1307525356707.log,dfs.datanode,0,0,sr217, cluster="chukwa",sr217,0,330,0,0,235,95,0,0,14655,179,66,113
1307525996,330,0,0,1,185,/mnt/DP_disk2/lyan/hadoop/logs/chukwa/metrics/chukwa-lyan-dfs-1307525356707.log,dfs.datanode,0,0,sr217, cluster="chukwa",sr217,0,330,0,0,235,95,0,0,14442,185,70,115
1307526006,330,0,0,1,191,/mnt/DP_disk2/lyan/hadoop/logs/chukwa/metrics/chukwa-lyan-dfs-1307525356707.log,dfs.datanode,0,0,sr217, cluster="chukwa",sr217,0,330,0,0,235,95,0,0,12098,191,74,117
1307526016,330,0,0,1,197,/mnt/DP_disk2/lyan/hadoop/logs/chukwa/metrics/chukwa-lyan-dfs-1307525356707.log,dfs.datanode,0,0,sr217, cluster="chukwa",sr217,0,330,0,0,235,95,0,0,17529,197,75,122
1307526026,330,0,0,1,204,/mnt/DP_disk2/lyan/hadoop/logs/chukwa/metrics/chukwa-lyan-dfs-1307525356707.log,dfs.datanode,0,0,sr217, cluster="chukwa",sr217,0,330,0,0,235,95,0,0,16069,204,77,127
1307526036,330,0,0,1,208,/mnt/DP_disk2/lyan/hadoop/logs/chukwa/metrics/chukwa-lyan-dfs-1307525356707.log,dfs.datanode,0,0,sr217, cluster="chukwa",sr217,0,330,0,0,235,95,0,0,9549,208,79,129
1307526046,330,0,0,1,219,/mnt/DP_disk2/lyan/hadoop/logs/chukwa/metrics/chukwa-lyan-dfs-1307525356707.log,dfs.datanode,0,0,sr217, cluster="chukwa",sr217,0,330,0,0,235,95,0,0,11278,219,83,136
1307526056,330,0,0,1,222,/mnt/DP_disk2/lyan/hadoop/logs/chukwa/metrics/chukwa-lyan-dfs-1307525356707.log,dfs.datanode,0,0,sr217, cluster="chukwa",sr217,0,330,0,0,235,95,0,0,16503,222,83,139
1307526066,330,0,0,1,226,/mnt/DP_disk2/lyan/hadoop/logs/chukwa/metrics/chukwa-lyan-dfs-1307525356707.log,dfs.datanode,0,0,sr217, cluster="chukwa",sr217,0,330,0,0,235,95,0,0,12784,226,83,143
1307526076,330,0,0,1,230,/mnt/DP_disk2/lyan/hadoop/logs/chukwa/metrics/chukwa-lyan-dfs-1307525356707.log,dfs.datanode,0,0,sr217, cluster="chukwa",sr217,0,330,0,0,235,95,0,0,9069,230,83,147
1307526086,330,0,0,2,237,/mnt/DP_disk2/lyan/hadoop/logs/chukwa/metrics/chukwa-lyan-dfs-1307525356707.log,dfs.datanode,0,0,sr217, cluster="chukwa",sr217,0,330,0,0,235,95,0,0,7243,237,83,154
1307525432,1,0,0,0,3,/mnt/DP_disk2/lyan/hadoop/logs/chukwa/metrics/chukwa-lyan-dfs-1307525362495.log,dfs.datanode,0,0,sr218, cluster="chukwa",sr218,13,1,0,0,0,1,0,0,42,3,0,3
1307525442,19,0,0,0,3,/mnt/DP_disk2/lyan/hadoop/logs/chukwa/metrics/chukwa-lyan-dfs-1307525362495.log,dfs.datanode,0,0,sr218, cluster="chukwa",sr218,243,19,0,0,6,13,0,0,0,3,0,3
1307525452,41,0,0,0,3,/mnt/DP_disk2/lyan/hadoop/logs/chukwa/metrics/chukwa-lyan-dfs-1307525362495.log,dfs.datanode,0,0,sr218, cluster="chukwa",sr218,1608,41,0,0,24,17,0,0,0,3,0,3
1307525462,59,0,0,0,3,/mnt/DP_disk2/lyan/hadoop/logs/chukwa/metrics/chukwa-lyan-dfs-1307525362495.log,dfs.datanode,0,0,sr218, cluster="chukwa",sr218,9390,59,0,0,36,23,0,0,0,3,0,3
1307525472,89,0,0,0,3,/mnt/DP_disk2/lyan/hadoop/logs/chukwa/metrics/chukwa-lyan-dfs-1307525362495.log,dfs.datanode,0,0,sr218, cluster="chukwa",sr218,8668,89,0,0,57,32,0,0,0,3,0,3
1307525482,114,0,0,1,3,/mnt/DP_disk2/lyan/hadoop/logs/chukwa/metrics/chukwa-lyan-dfs-1307525362495.log,dfs.datanode,0,0,sr218, cluster="chukwa",sr218,1906,114,0,0,75,39,0,0,0,3,0,3
1307525492,141,0,0,1,3,/mnt/DP_disk2/lyan/hadoop/logs/chukwa/metrics/chukwa-lyan-dfs-1307525362495.log,dfs.datanode,0,0,sr218, cluster="chukwa",sr218,4929,141,0,0,91,50,0,0,0,3,0,3
1307525502,164,0,0,1,3,/mnt/DP_disk2/lyan/hadoop/logs/chukwa/metrics/chukwa-lyan-dfs-1307525362495.log,dfs.datanode,0,0,sr218, cluster="chukwa",sr218,4680,164,0,0,108,56,0,0,0,3,0,3
1307525512,193,0,0,1,3,/mnt/DP_disk2/lyan/hadoop/logs/chukwa/metrics/chukwa-lyan-dfs-1307525362495.log,dfs.datanode,0,0,sr218, cluster="chukwa",sr218,3079,193,0,0,134,59,0,0,0,3,0,3
1307525522,199,0,0,1,3,/mnt/DP_disk2/lyan/hadoop/logs/chukwa/metrics/chukwa-lyan-dfs-1307525362495.log,dfs.datanode,0,0,sr218, cluster="chukwa",sr218,6142,199,0,0,139,60,0,0,0,3,0,3
1307525532,222,0,0,1,3,/mnt/DP_disk2/lyan/hadoop/logs/chukwa/metrics/chukwa-lyan-dfs-1307525362495.log,dfs.datanode,0,0,sr218, cluster="chukwa",sr218,16370,222,0,0,154,68,0,0,0,3,0,3
1307525542,226,0,0,1,3,/mnt/DP_disk2/lyan/hadoop/logs/chukwa/metrics/chukwa-lyan-dfs-1307525362495.log,dfs.datanode,0,0,sr218, cluster="chukwa",sr218,5131,226,0,0,154,72,0,0,0,3,0,3
1307525552,240,0,0,1,3,/mnt/DP_disk2/lyan/hadoop/logs/chukwa/metrics/chukwa-lyan-dfs-1307525362495.log,dfs.datanode,0,0,sr218, cluster="chukwa",sr218,6511,240,0,0,163,77,0,0,0,3,0,3
1307525562,256,0,0,1,3,/mnt/DP_disk2/lyan/hadoop/logs/chukwa/metrics/chukwa-lyan-dfs-1307525362495.log,dfs.datanode,0,0,sr218, cluster="chukwa",sr218,13090,256,0,0,173,83,0,0,0,3,0,3
1307525572,262,0,0,1,3,/mnt/DP_disk2/lyan/hadoop/logs/chukwa/metrics/chukwa-lyan-dfs-1307525362495.log,dfs.datanode,0,0,sr218, cluster="chukwa",sr218,10088,262,0,0,175,87,0,0,0,3,0,3
1307525582,264,0,0,1,3,/mnt/DP_disk2/lyan/hadoop/logs/chukwa/metrics/chukwa-lyan-dfs-1307525362495.log,dfs.datanode,0,0,sr218, cluster="chukwa",sr218,8964,264,0,0,177,87,0,0,0,3,0,3
1307525592,264,0,0,1,3,/mnt/DP_disk2/lyan/hadoop/logs/chukwa/metrics/chukwa-lyan-dfs-1307525362495.log,dfs.datanode,0,0,sr218, cluster="chukwa",sr218,0,264,0,0,177,87,0,0,0,3,0,3
1307525602,265,0,0,1,3,/mnt/DP_disk2/lyan/hadoop/logs/chukwa/metrics/chukwa-lyan-dfs-1307525362495.log,dfs.datanode,0,0,sr218, cluster="chukwa",sr218,1832,265,0,0,178,87,0,0,0,3,0,3
1307525612,265,0,0,1,3,/mnt/DP_disk2/lyan/hadoop/logs/chukwa/metrics/chukwa-lyan-dfs-1307525362495.log,dfs.datanode,0,0,sr218, cluster="chukwa",sr218,0,265,0,0,178,87,0,0,0,3,0,3
1307525622,265,0,0,1,3,/mnt/DP_disk2/lyan/hadoop/logs/chukwa/metrics/chukwa-lyan-dfs-1307525362495.log,dfs.datanode,0,0,sr218, cluster="chukwa",sr218,0,265,0,0,178,87,0,0,0,3,0,3
1307525632,265,0,0,1,3,/mnt/DP_disk2/lyan/hadoop/logs/chukwa/metrics/chukwa-lyan-dfs-1307525362495.log,dfs.datanode,0,0,sr218, cluster="chukwa",sr218,0,265,0,0,178,87,0,0,0,3,0,3
1307525642,265,0,0,1,3,/mnt/DP_disk2/lyan/hadoop/logs/chukwa/metrics/chukwa-lyan-dfs-1307525362495.log,dfs.datanode,0,0,sr218, cluster="chukwa",sr218,0,265,0,0,178,87,0,0,0,3,0,3
1307525652,265,0,0,1,3,/mnt/DP_disk2/lyan/hadoop/logs/chukwa/metrics/chukwa-lyan-dfs-1307525362495.log,dfs.datanode,0,0,sr218, cluster="chukwa",sr218,0,265,0,0,178,87,0,0,0,3,0,3
1307525662,265,0,0,1,3,/mnt/DP_disk2/lyan/hadoop/logs/chukwa/metrics/chukwa-lyan-dfs-1307525362495.log,dfs.datanode,0,0,sr218, cluster="chukwa",sr218,0,265,0,0,178,87,0,0,0,3,0,3
1307525672,265,0,0,1,3,/mnt/DP_disk2/lyan/hadoop/logs/chukwa/metrics/chukwa-lyan-dfs-1307525362495.log,dfs.datanode,0,0,sr218, cluster="chukwa",sr218,0,265,0,0,178,87,0,0,0,3,0,3
1307525682,265,0,0,1,13,/mnt/DP_disk2/lyan/hadoop/logs/chukwa/metrics/chukwa-lyan-dfs-1307525362495.log,dfs.datanode,0,0,sr218, cluster="chukwa",sr218,0,265,0,0,178,87,0,0,10670,13,5,8
1307525692,265,0,0,1,18,/mnt/DP_disk2/lyan/hadoop/logs/chukwa/metrics/chukwa-lyan-dfs-1307525362495.log,dfs.datanode,0,0,sr218, cluster="chukwa",sr218,0,265,0,0,178,87,0,0,9422,18,8,10
1307525702,265,0,0,1,22,/mnt/DP_disk2/lyan/hadoop/logs/chukwa/metrics/chukwa-lyan-dfs-1307525362495.log,dfs.datanode,0,0,sr218, cluster="chukwa",sr218,0,265,0,0,178,87,0,0,7109,22,9,13
1307525712,265,0,0,1,29,/mnt/DP_disk2/lyan/hadoop/logs/chukwa/metrics/chukwa-lyan-dfs-1307525362495.log,dfs.datanode,0,0,sr218, cluster="chukwa",sr218,0,265,0,0,178,87,0,0,8275,29,11,18
1307525722,265,0,0,1,34,/mnt/DP_disk2/lyan/hadoop/logs/chukwa/metrics/chukwa-lyan-dfs-1307525362495.log,dfs.datanode,0,0,sr218, cluster="chukwa",sr218,0,265,0,0,178,87,0,0,3795,34,14,20
1307525732,265,0,0,1,35,/mnt/DP_disk2/lyan/hadoop/logs/chukwa/metrics/chukwa-lyan-dfs-1307525362495.log,dfs.datanode,0,0,sr218, cluster="chukwa",sr218,0,265,0,0,178,87,0,0,3455,35,14,21
1307525742,265,0,0,1,37,/mnt/DP_disk2/lyan/hadoop/logs/chukwa/metrics/chukwa-lyan-dfs-1307525362495.log,dfs.datanode,0,0,sr218, cluster="chukwa",sr218,0,265,0,0,178,87,0,0,2313,37,14,23
1307525752,265,0,0,1,42,/mnt/DP_disk2/lyan/hadoop/logs/chukwa/metrics/chukwa-lyan-dfs-1307525362495.log,dfs.datanode,0,0,sr218, cluster="chukwa",sr218,0,265,0,0,178,87,0,0,3667,42,16,26
1307525762,265,0,0,1,47,/mnt/DP_disk2/lyan/hadoop/logs/chukwa/metrics/chukwa-lyan-dfs-1307525362495.log,dfs.datanode,0,0,sr218, cluster="chukwa",sr218,0,265,0,0,178,87,0,0,5993,47,17,30
1307525772,265,0,0,1,49,/mnt/DP_disk2/lyan/hadoop/logs/chukwa/metrics/chukwa-lyan-dfs-1307525362495.log,dfs.datanode,0,0,sr218, cluster="chukwa",sr218,0,265,0,0,178,87,0,0,7239,49,18,31
1307525782,265,0,0,1,52,/mnt/DP_disk2/lyan/hadoop/logs/chukwa/metrics/chukwa-lyan-dfs-1307525362495.log,dfs.datanode,0,0,sr218, cluster="chukwa",sr218,0,265,0,0,178,87,0,0,17413,52,19,33
1307525792,265,0,0,1,60,/mnt/DP_disk2/lyan/hadoop/logs/chukwa/metrics/chukwa-lyan-dfs-1307525362495.log,dfs.datanode,0,0,sr218, cluster="chukwa",sr218,0,265,0,0,178,87,0,0,31193,60,23,37
1307525802,265,0,0,1,64,/mnt/DP_disk2/lyan/hadoop/logs/chukwa/metrics/chukwa-lyan-dfs-1307525362495.log,dfs.datanode,0,0,sr218, cluster="chukwa",sr218,0,265,0,0,178,87,0,0,12190,64,25,39
1307525812,265,0,0,1,70,/mnt/DP_disk2/lyan/hadoop/logs/chukwa/metrics/chukwa-lyan-dfs-1307525362495.log,dfs.datanode,0,0,sr218, cluster="chukwa",sr218,0,265,0,0,178,87,0,0,15366,70,28,42
1307525822,265,0,0,1,78,/mnt/DP_disk2/lyan/hadoop/logs/chukwa/metrics/chukwa-lyan-dfs-1307525362495.log,dfs.datanode,0,0,sr218, cluster="chukwa",sr218,0,265,0,0,178,87,0,0,16786,78,29,49
1307525832,265,0,0,1,85,/mnt/DP_disk2/lyan/hadoop/logs/chukwa/metrics/chukwa-lyan-dfs-1307525362495.log,dfs.datanode,0,0,sr218, cluster="chukwa",sr218,0,265,0,0,178,87,0,0,17196,85,33,52
1307525842,265,0,0,1,92,/mnt/DP_disk2/lyan/hadoop/logs/chukwa/metrics/chukwa-lyan-dfs-1307525362495.log,dfs.datanode,0,0,sr218, cluster="chukwa",sr218,0,265,0,0,178,87,0,0,15762,92,36,56
1307525852,265,0,0,1,98,/mnt/DP_disk2/lyan/hadoop/logs/chukwa/metrics/chukwa-lyan-dfs-1307525362495.log,dfs.datanode,0,0,sr218, cluster="chukwa",sr218,0,265,0,0,178,87,0,0,16849,98,37,61
1307525862,265,0,0,1,104,/mnt/DP_disk2/lyan/hadoop/logs/chukwa/metrics/chukwa-lyan-dfs-1307525362495.log,dfs.datanode,0,0,sr218, cluster="chukwa",sr218,0,265,0,0,178,87,0,0,13999,104,40,64
1307525872,265,0,0,1,112,/mnt/DP_disk2/lyan/hadoop/logs/chukwa/metrics/chukwa-lyan-dfs-1307525362495.log,dfs.datanode,0,0,sr218, cluster="chukwa",sr218,0,265,0,0,178,87,0,0,15407,112,42,70
1307525882,265,0,0,1,119,/mnt/DP_disk2/lyan/hadoop/logs/chukwa/metrics/chukwa-lyan-dfs-1307525362495.log,dfs.datanode,0,0,sr218, cluster="chukwa",sr218,0,265,0,0,178,87,0,0,16489,119,46,73
1307525892,265,0,0,1,123,/mnt/DP_disk2/lyan/hadoop/logs/chukwa/metrics/chukwa-lyan-dfs-1307525362495.log,dfs.datanode,0,0,sr218, cluster="chukwa",sr218,0,265,0,0,178,87,0,0,12417,123,49,74
1307525902,265,0,0,1,132,/mnt/DP_disk2/lyan/hadoop/logs/chukwa/metrics/chukwa-lyan-dfs-1307525362495.log,dfs.datanode,0,0,sr218, cluster="chukwa",sr218,0,265,0,0,178,87,0,0,16178,132,51,81
1307525912,265,0,0,1,136,/mnt/DP_disk2/lyan/hadoop/logs/chukwa/metrics/chukwa-lyan-dfs-1307525362495.log,dfs.datanode,0,0,sr218, cluster="chukwa",sr218,0,265,0,0,178,87,0,0,16895,136,54,82
1307525922,265,0,0,1,141,/mnt/DP_disk2/lyan/hadoop/logs/chukwa/metrics/chukwa-lyan-dfs-1307525362495.log,dfs.datanode,0,0,sr218, cluster="chukwa",sr218,0,265,0,0,178,87,0,0,11167,141,55,86
1307525932,265,0,0,1,151,/mnt/DP_disk2/lyan/hadoop/logs/chukwa/metrics/chukwa-lyan-dfs-1307525362495.log,dfs.datanode,0,0,sr218, cluster="chukwa",sr218,0,265,0,0,178,87,0,0,16333,151,59,92
1307525942,265,0,0,1,157,/mnt/DP_disk2/lyan/hadoop/logs/chukwa/metrics/chukwa-lyan-dfs-1307525362495.log,dfs.datanode,0,0,sr218, cluster="chukwa",sr218,0,265,0,0,178,87,0,0,15601,157,62,95
1307525952,265,0,0,1,166,/mnt/DP_disk2/lyan/hadoop/logs/chukwa/metrics/chukwa-lyan-dfs-1307525362495.log,dfs.datanode,0,0,sr218, cluster="chukwa",sr218,0,265,0,0,178,87,0,0,13885,166,66,100
1307525962,265,0,0,1,172,/mnt/DP_disk2/lyan/hadoop/logs/chukwa/metrics/chukwa-lyan-dfs-1307525362495.log,dfs.datanode,0,0,sr218, cluster="chukwa",sr218,0,265,0,0,178,87,0,0,15473,172,68,104
1307525972,265,0,0,1,174,/mnt/DP_disk2/lyan/hadoop/logs/chukwa/metrics/chukwa-lyan-dfs-1307525362495.log,dfs.datanode,0,0,sr218, cluster="chukwa",sr218,0,265,0,0,178,87,0,0,6220,174,69,105
1307525982,265,0,0,1,180,/mnt/DP_disk2/lyan/hadoop/logs/chukwa/metrics/chukwa-lyan-dfs-1307525362495.log,dfs.datanode,0,0,sr218, cluster="chukwa",sr218,0,265,0,0,178,87,0,0,18820,180,71,109
1307525992,265,0,0,1,188,/mnt/DP_disk2/lyan/hadoop/logs/chukwa/metrics/chukwa-lyan-dfs-1307525362495.log,dfs.datanode,0,0,sr218, cluster="chukwa",sr218,0,265,0,0,178,87,0,0,17511,188,74,114
1307526002,265,0,0,1,198,/mnt/DP_disk2/lyan/hadoop/logs/chukwa/metrics/chukwa-lyan-dfs-1307525362495.log,dfs.datanode,0,0,sr218, cluster="chukwa",sr218,0,265,0,0,178,87,0,0,18578,198,76,122
1307526012,265,0,0,1,205,/mnt/DP_disk2/lyan/hadoop/logs/chukwa/metrics/chukwa-lyan-dfs-1307525362495.log,dfs.datanode,0,0,sr218, cluster="chukwa",sr218,0,265,0,0,178,87,0,0,19046,205,78,127
1307526022,265,0,0,1,212,/mnt/DP_disk2/lyan/hadoop/logs/chukwa/metrics/chukwa-lyan-dfs-1307525362495.log,dfs.datanode,0,0,sr218, cluster="chukwa",sr218,0,265,0,0,178,87,0,0,12700,212,81,131
1307526032,265,0,0,1,221,/mnt/DP_disk2/lyan/hadoop/logs/chukwa/metrics/chukwa-lyan-dfs-1307525362495.log,dfs.datanode,0,0,sr218, cluster="chukwa",sr218,0,265,0,0,178,87,0,0,16263,221,82,139
1307526042,265,0,0,1,228,/mnt/DP_disk2/lyan/hadoop/logs/chukwa/metrics/chukwa-lyan-dfs-1307525362495.log,dfs.datanode,0,0,sr218, cluster="chukwa",sr218,0,265,0,0,178,87,0,0,9352,228,84,144
1307526052,265,0,0,1,234,/mnt/DP_disk2/lyan/hadoop/logs/chukwa/metrics/chukwa-lyan-dfs-1307525362495.log,dfs.datanode,0,0,sr218, cluster="chukwa",sr218,0,265,0,0,178,87,0,0,10734,234,84,150
1307526062,265,0,0,1,241,/mnt/DP_disk2/lyan/hadoop/logs/chukwa/metrics/chukwa-lyan-dfs-1307525362495.log,dfs.datanode,0,0,sr218, cluster="chukwa",sr218,0,265,0,0,178,87,0,0,7054,241,84,157
1307526072,265,0,0,1,246,/mnt/DP_disk2/lyan/hadoop/logs/chukwa/metrics/chukwa-lyan-dfs-1307525362495.log,dfs.datanode,0,0,sr218, cluster="chukwa",sr218,0,265,0,0,178,87,0,0,8204,246,84,162
1307526082,265,0,0,1,251,/mnt/DP_disk2/lyan/hadoop/logs/chukwa/metrics/chukwa-lyan-dfs-1307525362495.log,dfs.datanode,0,0,sr218, cluster="chukwa",sr218,0,265,0,0,178,87,0,0,8155,251,84,167
1307526092,265,0,0,2,253,/mnt/DP_disk2/lyan/hadoop/logs/chukwa/metrics/chukwa-lyan-dfs-1307525362495.log,dfs.datanode,0,0,sr218, cluster="chukwa",sr218,0,265,0,0,178,87,0,0,7016,253,84,169
1307525436,0,0,1,0,3,/mnt/DP_disk2/lyan/hadoop/logs/chukwa/metrics/chukwa-lyan-dfs-1307525356681.log,dfs.datanode,0,0,sr219, cluster="chukwa",sr219,0,0,0,0,0,0,0,0,67,3,0,3
1307525446,42,0,1,0,3,/mnt/DP_disk2/lyan/hadoop/logs/chukwa/metrics/chukwa-lyan-dfs-1307525356681.log,dfs.datanode,0,0,sr219, cluster="chukwa",sr219,411,42,0,0,27,15,0,0,0,3,0,3
1307525456,69,0,1,0,3,/mnt/DP_disk2/lyan/hadoop/logs/chukwa/metrics/chukwa-lyan-dfs-1307525356681.log,dfs.datanode,0,0,sr219, cluster="chukwa",sr219,5053,69,0,0,38,31,0,0,0,3,0,3
1307525466,116,0,1,0,3,/mnt/DP_disk2/lyan/hadoop/logs/chukwa/metrics/chukwa-lyan-dfs-1307525356681.log,dfs.datanode,0,0,sr219, cluster="chukwa",sr219,6683,116,0,0,72,44,0,0,0,3,0,3
1307525476,155,0,1,0,3,/mnt/DP_disk2/lyan/hadoop/logs/chukwa/metrics/chukwa-lyan-dfs-1307525356681.log,dfs.datanode,0,0,sr219, cluster="chukwa",sr219,1712,155,0,0,99,56,0,0,0,3,0,3
1307525486,190,0,1,1,3,/mnt/DP_disk2/lyan/hadoop/logs/chukwa/metrics/chukwa-lyan-dfs-1307525356681.log,dfs.datanode,0,0,sr219, cluster="chukwa",sr219,3324,190,0,0,122,68,0,0,0,3,0,3
1307525496,210,0,1,1,3,/mnt/DP_disk2/lyan/hadoop/logs/chukwa/metrics/chukwa-lyan-dfs-1307525356681.log,dfs.datanode,0,0,sr219, cluster="chukwa",sr219,3069,210,0,0,136,74,0,0,0,3,0,3
1307525506,236,0,1,1,3,/mnt/DP_disk2/lyan/hadoop/logs/chukwa/metrics/chukwa-lyan-dfs-1307525356681.log,dfs.datanode,0,0,sr219, cluster="chukwa",sr219,3828,236,0,0,155,81,0,0,0,3,0,3
1307525516,242,0,1,1,3,/mnt/DP_disk2/lyan/hadoop/logs/chukwa/metrics/chukwa-lyan-dfs-1307525356681.log,dfs.datanode,0,0,sr219, cluster="chukwa",sr219,8152,242,0,0,160,82,0,0,0,3,0,3
1307525526,261,0,1,1,3,/mnt/DP_disk2/lyan/hadoop/logs/chukwa/metrics/chukwa-lyan-dfs-1307525356681.log,dfs.datanode,0,0,sr219, cluster="chukwa",sr219,5751,261,0,0,176,85,0,0,0,3,0,3
1307525536,276,0,1,1,3,/mnt/DP_disk2/lyan/hadoop/logs/chukwa/metrics/chukwa-lyan-dfs-1307525356681.log,dfs.datanode,0,0,sr219, cluster="chukwa",sr219,6947,276,0,0,185,91,0,0,0,3,0,3
1307525546,296,0,1,1,3,/mnt/DP_disk2/lyan/hadoop/logs/chukwa/metrics/chukwa-lyan-dfs-1307525356681.log,dfs.datanode,0,0,sr219, cluster="chukwa",sr219,3753,296,0,0,198,98,0,0,0,3,0,3
1307525556,311,0,1,1,3,/mnt/DP_disk2/lyan/hadoop/logs/chukwa/metrics/chukwa-lyan-dfs-1307525356681.log,dfs.datanode,0,0,sr219, cluster="chukwa",sr219,13692,311,0,0,205,106,0,0,0,3,0,3
1307525566,326,0,1,1,3,/mnt/DP_disk2/lyan/hadoop/logs/chukwa/metrics/chukwa-lyan-dfs-1307525356681.log,dfs.datanode,0,0,sr219, cluster="chukwa",sr219,9102,326,0,0,215,111,0,0,0,3,0,3
1307525576,335,0,1,1,3,/mnt/DP_disk2/lyan/hadoop/logs/chukwa/metrics/chukwa-lyan-dfs-1307525356681.log,dfs.datanode,0,0,sr219, cluster="chukwa",sr219,3244,335,0,0,222,113,0,0,0,3,0,3
1307525586,343,0,1,1,3,/mnt/DP_disk2/lyan/hadoop/logs/chukwa/metrics/chukwa-lyan-dfs-1307525356681.log,dfs.datanode,0,0,sr219, cluster="chukwa",sr219,3548,343,0,0,229,114,0,0,0,3,0,3
1307525596,343,0,1,1,3,/mnt/DP_disk2/lyan/hadoop/logs/chukwa/metrics/chukwa-lyan-dfs-1307525356681.log,dfs.datanode,0,0,sr219, cluster="chukwa",sr219,0,343,0,0,229,114,0,0,0,3,0,3
1307525606,344,0,1,1,3,/mnt/DP_disk2/lyan/hadoop/logs/chukwa/metrics/chukwa-lyan-dfs-1307525356681.log,dfs.datanode,0,0,sr219, cluster="chukwa",sr219,1082,344,0,0,229,115,0,0,0,3,0,3
1307525616,344,0,1,1,3,/mnt/DP_disk2/lyan/hadoop/logs/chukwa/metrics/chukwa-lyan-dfs-1307525356681.log,dfs.datanode,0,0,sr219, cluster="chukwa",sr219,0,344,0,0,229,115,0,0,0,3,0,3
1307525626,344,0,1,1,3,/mnt/DP_disk2/lyan/hadoop/logs/chukwa/metrics/chukwa-lyan-dfs-1307525356681.log,dfs.datanode,0,0,sr219, cluster="chukwa",sr219,0,344,0,0,229,115,0,0,0,3,0,3
1307525636,344,0,1,1,3,/mnt/DP_disk2/lyan/hadoop/logs/chukwa/metrics/chukwa-lyan-dfs-1307525356681.log,dfs.datanode,0,0,sr219, cluster="chukwa",sr219,0,344,0,0,229,115,0,0,0,3,0,3
1307525646,344,0,1,1,3,/mnt/DP_disk2/lyan/hadoop/logs/chukwa/metrics/chukwa-lyan-dfs-1307525356681.log,dfs.datanode,0,0,sr219, cluster="chukwa",sr219,0,344,0,0,229,115,0,0,0,3,0,3
1307525656,344,0,1,1,3,/mnt/DP_disk2/lyan/hadoop/logs/chukwa/metrics/chukwa-lyan-dfs-1307525356681.log,dfs.datanode,0,0,sr219, cluster="chukwa",sr219,0,344,0,0,229,115,0,0,0,3,0,3
1307525666,344,0,1,1,3,/mnt/DP_disk2/lyan/hadoop/logs/chukwa/metrics/chukwa-lyan-dfs-1307525356681.log,dfs.datanode,0,0,sr219, cluster="chukwa",sr219,0,344,0,0,229,115,0,0,0,3,0,3
1307525676,344,0,1,1,5,/mnt/DP_disk2/lyan/hadoop/logs/chukwa/metrics/chukwa-lyan-dfs-1307525356681.log,dfs.datanode,0,0,sr219, cluster="chukwa",sr219,0,344,0,0,229,115,0,0,7706,5,0,5
1307525686,344,0,1,1,13,/mnt/DP_disk2/lyan/hadoop/logs/chukwa/metrics/chukwa-lyan-dfs-1307525356681.log,dfs.datanode,0,0,sr219, cluster="chukwa",sr219,0,344,0,0,229,115,0,0,11387,13,4,9
1307525696,344,0,1,1,21,/mnt/DP_disk2/lyan/hadoop/logs/chukwa/metrics/chukwa-lyan-dfs-1307525356681.log,dfs.datanode,0,0,sr219, cluster="chukwa",sr219,0,344,0,0,229,115,0,0,8404,21,7,14
1307525706,344,0,1,1,29,/mnt/DP_disk2/lyan/hadoop/logs/chukwa/metrics/chukwa-lyan-dfs-1307525356681.log,dfs.datanode,0,0,sr219, cluster="chukwa",sr219,0,344,0,0,229,115,0,0,7746,29,10,19
1307525716,344,0,1,1,35,/mnt/DP_disk2/lyan/hadoop/logs/chukwa/metrics/chukwa-lyan-dfs-1307525356681.log,dfs.datanode,0,0,sr219, cluster="chukwa",sr219,0,344,0,0,229,115,0,0,4734,35,15,20
1307525726,344,0,1,1,39,/mnt/DP_disk2/lyan/hadoop/logs/chukwa/metrics/chukwa-lyan-dfs-1307525356681.log,dfs.datanode,0,0,sr219, cluster="chukwa",sr219,0,344,0,0,229,115,0,0,3339,39,18,21
1307525736,344,0,1,1,43,/mnt/DP_disk2/lyan/hadoop/logs/chukwa/metrics/chukwa-lyan-dfs-1307525356681.log,dfs.datanode,0,0,sr219, cluster="chukwa",sr219,0,344,0,0,229,115,0,0,3044,43,22,21
1307525746,344,0,1,1,47,/mnt/DP_disk2/lyan/hadoop/logs/chukwa/metrics/chukwa-lyan-dfs-1307525356681.log,dfs.datanode,0,0,sr219, cluster="chukwa",sr219,0,344,0,0,229,115,0,0,2935,47,25,22
1307525756,344,0,1,1,52,/mnt/DP_disk2/lyan/hadoop/logs/chukwa/metrics/chukwa-lyan-dfs-1307525356681.log,dfs.datanode,0,0,sr219, cluster="chukwa",sr219,0,344,0,0,229,115,0,0,5077,52,27,25
1307525766,344,0,1,1,59,/mnt/DP_disk2/lyan/hadoop/logs/chukwa/metrics/chukwa-lyan-dfs-1307525356681.log,dfs.datanode,0,0,sr219, cluster="chukwa",sr219,0,344,0,0,229,115,0,0,6672,59,31,28
1307525776,344,0,1,1,65,/mnt/DP_disk2/lyan/hadoop/logs/chukwa/metrics/chukwa-lyan-dfs-1307525356681.log,dfs.datanode,0,0,sr219, cluster="chukwa",sr219,0,344,0,0,229,115,0,0,9563,65,31,34
1307525786,344,0,1,1,69,/mnt/DP_disk2/lyan/hadoop/logs/chukwa/metrics/chukwa-lyan-dfs-1307525356681.log,dfs.datanode,0,0,sr219, cluster="chukwa",sr219,0,344,0,0,229,115,0,0,30508,69,32,37
1307525796,344,0,1,1,74,/mnt/DP_disk2/lyan/hadoop/logs/chukwa/metrics/chukwa-lyan-dfs-1307525356681.log,dfs.datanode,0,0,sr219, cluster="chukwa",sr219,0,344,0,0,229,115,0,0,19094,74,34,40
1307525806,344,0,1,1,80,/mnt/DP_disk2/lyan/hadoop/logs/chukwa/metrics/chukwa-lyan-dfs-1307525356681.log,dfs.datanode,0,0,sr219, cluster="chukwa",sr219,0,344,0,0,229,115,0,0,12923,80,36,44
1307525816,344,0,1,1,85,/mnt/DP_disk2/lyan/hadoop/logs/chukwa/metrics/chukwa-lyan-dfs-1307525356681.log,dfs.datanode,0,0,sr219, cluster="chukwa",sr219,0,344,0,0,229,115,0,0,17686,85,38,47
1307525826,344,0,1,1,93,/mnt/DP_disk2/lyan/hadoop/logs/chukwa/metrics/chukwa-lyan-dfs-1307525356681.log,dfs.datanode,0,0,sr219, cluster="chukwa",sr219,0,344,0,0,229,115,0,0,15712,93,39,54
1307525836,344,0,1,1,100,/mnt/DP_disk2/lyan/hadoop/logs/chukwa/metrics/chukwa-lyan-dfs-1307525356681.log,dfs.datanode,0,0,sr219, cluster="chukwa",sr219,0,344,0,0,229,115,0,0,17784,100,41,59
1307525846,344,0,1,1,107,/mnt/DP_disk2/lyan/hadoop/logs/chukwa/metrics/chukwa-lyan-dfs-1307525356681.log,dfs.datanode,0,0,sr219, cluster="chukwa",sr219,0,344,0,0,229,115,0,0,16546,107,42,65
1307525856,344,0,1,1,114,/mnt/DP_disk2/lyan/hadoop/logs/chukwa/metrics/chukwa-lyan-dfs-1307525356681.log,dfs.datanode,0,0,sr219, cluster="chukwa",sr219,0,344,0,0,229,115,0,0,16232,114,46,68
1307525866,344,0,1,1,118,/mnt/DP_disk2/lyan/hadoop/logs/chukwa/metrics/chukwa-lyan-dfs-1307525356681.log,dfs.datanode,0,0,sr219, cluster="chukwa",sr219,0,344,0,0,229,115,0,0,11795,118,48,70
1307525876,344,0,1,1,124,/mnt/DP_disk2/lyan/hadoop/logs/chukwa/metrics/chukwa-lyan-dfs-1307525356681.log,dfs.datanode,0,0,sr219, cluster="chukwa",sr219,0,344,0,0,229,115,0,0,15999,124,50,74
1307525886,344,0,1,1,129,/mnt/DP_disk2/lyan/hadoop/logs/chukwa/metrics/chukwa-lyan-dfs-1307525356681.log,dfs.datanode,0,0,sr219, cluster="chukwa",sr219,0,344,0,0,229,115,0,0,14886,129,52,77
1307525896,344,0,1,1,136,/mnt/DP_disk2/lyan/hadoop/logs/chukwa/metrics/chukwa-lyan-dfs-1307525356681.log,dfs.datanode,0,0,sr219, cluster="chukwa",sr219,0,344,0,0,229,115,0,0,14667,136,54,82
1307525906,344,0,1,1,141,/mnt/DP_disk2/lyan/hadoop/logs/chukwa/metrics/chukwa-lyan-dfs-1307525356681.log,dfs.datanode,0,0,sr219, cluster="chukwa",sr219,0,344,0,0,229,115,0,0,16396,141,57,84
1307525916,344,0,1,1,147,/mnt/DP_disk2/lyan/hadoop/logs/chukwa/metrics/chukwa-lyan-dfs-1307525356681.log,dfs.datanode,0,0,sr219, cluster="chukwa",sr219,0,344,0,0,229,115,0,0,14077,147,59,88
1307525926,344,0,1,1,155,/mnt/DP_disk2/lyan/hadoop/logs/chukwa/metrics/chukwa-lyan-dfs-1307525356681.log,dfs.datanode,0,0,sr219, cluster="chukwa",sr219,0,344,0,0,229,115,0,0,18068,155,60,95
1307525936,344,0,1,1,164,/mnt/DP_disk2/lyan/hadoop/logs/chukwa/metrics/chukwa-lyan-dfs-1307525356681.log,dfs.datanode,0,0,sr219, cluster="chukwa",sr219,0,344,0,0,229,115,0,0,15533,164,63,101
1307525946,344,0,1,1,169,/mnt/DP_disk2/lyan/hadoop/logs/chukwa/metrics/chukwa-lyan-dfs-1307525356681.log,dfs.datanode,0,0,sr219, cluster="chukwa",sr219,0,344,0,0,229,115,0,0,15600,169,65,104
1307525956,344,0,1,1,176,/mnt/DP_disk2/lyan/hadoop/logs/chukwa/metrics/chukwa-lyan-dfs-1307525356681.log,dfs.datanode,0,0,sr219, cluster="chukwa",sr219,0,344,0,0,229,115,0,0,16698,176,66,110
1307525966,344,0,1,1,184,/mnt/DP_disk2/lyan/hadoop/logs/chukwa/metrics/chukwa-lyan-dfs-1307525356681.log,dfs.datanode,0,0,sr219, cluster="chukwa",sr219,0,344,0,0,229,115,0,0,14031,184,70,114
1307525976,344,0,1,1,190,/mnt/DP_disk2/lyan/hadoop/logs/chukwa/metrics/chukwa-lyan-dfs-1307525356681.log,dfs.datanode,0,0,sr219, cluster="chukwa",sr219,0,344,0,0,229,115,0,0,18505,190,71,119
1307525986,344,0,1,1,199,/mnt/DP_disk2/lyan/hadoop/logs/chukwa/metrics/chukwa-lyan-dfs-1307525356681.log,dfs.datanode,0,0,sr219, cluster="chukwa",sr219,0,344,0,0,229,115,0,0,14170,199,74,125
1307525996,344,0,1,1,203,/mnt/DP_disk2/lyan/hadoop/logs/chukwa/metrics/chukwa-lyan-dfs-1307525356681.log,dfs.datanode,0,0,sr219, cluster="chukwa",sr219,0,344,0,0,229,115,0,0,16950,203,75,128
1307526006,344,0,1,1,209,/mnt/DP_disk2/lyan/hadoop/logs/chukwa/metrics/chukwa-lyan-dfs-1307525356681.log,dfs.datanode,0,0,sr219, cluster="chukwa",sr219,0,344,0,0,229,115,0,0,13531,209,77,132
1307526016,344,0,1,1,216,/mnt/DP_disk2/lyan/hadoop/logs/chukwa/metrics/chukwa-lyan-dfs-1307525356681.log,dfs.datanode,0,0,sr219, cluster="chukwa",sr219,0,344,0,0,229,115,0,0,13502,216,80,136
1307526026,344,0,1,1,219,/mnt/DP_disk2/lyan/hadoop/logs/chukwa/metrics/chukwa-lyan-dfs-1307525356681.log,dfs.datanode,0,0,sr219, cluster="chukwa",sr219,0,344,0,0,229,115,0,0,10746,219,81,138
1307526036,344,0,1,1,226,/mnt/DP_disk2/lyan/hadoop/logs/chukwa/metrics/chukwa-lyan-dfs-1307525356681.log,dfs.datanode,0,0,sr219, cluster="chukwa",sr219,0,344,0,0,229,115,0,0,11807,226,84,142
1307526046,344,0,1,1,235,/mnt/DP_disk2/lyan/hadoop/logs/chukwa/metrics/chukwa-lyan-dfs-1307525356681.log,dfs.datanode,0,0,sr219, cluster="chukwa",sr219,0,344,0,0,229,115,0,0,11836,235,84,151
1307526056,344,0,1,1,237,/mnt/DP_disk2/lyan/hadoop/logs/chukwa/metrics/chukwa-lyan-dfs-1307525356681.log,dfs.datanode,0,0,sr219, cluster="chukwa",sr219,0,344,0,0,229,115,0,0,10638,237,84,153
1307526066,344,0,1,1,247,/mnt/DP_disk2/lyan/hadoop/logs/chukwa/metrics/chukwa-lyan-dfs-1307525356681.log,dfs.datanode,0,0,sr219, cluster="chukwa",sr219,0,344,0,0,229,115,0,0,9390,247,84,163
1307526076,344,0,1,1,251,/mnt/DP_disk2/lyan/hadoop/logs/chukwa/metrics/chukwa-lyan-dfs-1307525356681.log,dfs.datanode,0,0,sr219, cluster="chukwa",sr219,0,344,0,0,229,115,0,0,8451,251,84,167
1307526086,344,0,1,2,255,/mnt/DP_disk2/lyan/hadoop/logs/chukwa/metrics/chukwa-lyan-dfs-1307525356681.log,dfs.datanode,0,0,sr219, cluster="chukwa",sr219,0,344,0,0,229,115,0,0,4626,255,84,171
1307525436,0,1,0,0,4,/mnt/DP_disk2/lyan/hadoop/logs/chukwa/metrics/chukwa-lyan-dfs-1307525356741.log,dfs.datanode,0,0,sr221, cluster="chukwa",sr221,0,0,0,0,0,0,0,0,5,4,0,4
1307525446,31,1,0,0,4,/mnt/DP_disk2/lyan/hadoop/logs/chukwa/metrics/chukwa-lyan-dfs-1307525356741.log,dfs.datanode,0,0,sr221, cluster="chukwa",sr221,595,31,0,0,22,9,0,0,0,4,0,4
1307525456,68,1,0,0,4,/mnt/DP_disk2/lyan/hadoop/logs/chukwa/metrics/chukwa-lyan-dfs-1307525356741.log,dfs.datanode,0,0,sr221, cluster="chukwa",sr221,2279,68,0,0,54,14,0,0,0,4,0,4
1307525466,112,1,0,0,4,/mnt/DP_disk2/lyan/hadoop/logs/chukwa/metrics/chukwa-lyan-dfs-1307525356741.log,dfs.datanode,0,0,sr221, cluster="chukwa",sr221,1755,112,0,0,84,28,0,0,0,4,0,4
1307525476,144,1,0,1,4,/mnt/DP_disk2/lyan/hadoop/logs/chukwa/metrics/chukwa-lyan-dfs-1307525356741.log,dfs.datanode,0,0,sr221, cluster="chukwa",sr221,2226,144,0,0,107,37,0,0,0,4,0,4
1307525486,171,1,0,1,4,/mnt/DP_disk2/lyan/hadoop/logs/chukwa/metrics/chukwa-lyan-dfs-1307525356741.log,dfs.datanode,0,0,sr221, cluster="chukwa",sr221,3571,171,0,0,131,40,0,0,0,4,0,4
1307525496,206,1,0,1,4,/mnt/DP_disk2/lyan/hadoop/logs/chukwa/metrics/chukwa-lyan-dfs-1307525356741.log,dfs.datanode,0,0,sr221, cluster="chukwa",sr221,4566,206,0,0,156,50,0,0,0,4,0,4
1307525506,223,1,0,1,4,/mnt/DP_disk2/lyan/hadoop/logs/chukwa/metrics/chukwa-lyan-dfs-1307525356741.log,dfs.datanode,0,0,sr221, cluster="chukwa",sr221,2815,223,0,0,171,52,0,0,0,4,0,4
1307525516,232,1,0,1,4,/mnt/DP_disk2/lyan/hadoop/logs/chukwa/metrics/chukwa-lyan-dfs-1307525356741.log,dfs.datanode,0,0,sr221, cluster="chukwa",sr221,5332,232,0,0,176,56,0,0,0,4,0,4
1307525526,251,1,0,1,4,/mnt/DP_disk2/lyan/hadoop/logs/chukwa/metrics/chukwa-lyan-dfs-1307525356741.log,dfs.datanode,0,0,sr221, cluster="chukwa",sr221,6698,251,0,0,192,59,0,0,0,4,0,4
1307525536,262,1,0,1,4,/mnt/DP_disk2/lyan/hadoop/logs/chukwa/metrics/chukwa-lyan-dfs-1307525356741.log,dfs.datanode,0,0,sr221, cluster="chukwa",sr221,8697,262,0,0,200,62,0,0,0,4,0,4
1307525546,272,1,0,1,4,/mnt/DP_disk2/lyan/hadoop/logs/chukwa/metrics/chukwa-lyan-dfs-1307525356741.log,dfs.datanode,0,0,sr221, cluster="chukwa",sr221,3309,272,0,0,210,62,0,0,0,4,0,4
1307525556,295,1,0,1,4,/mnt/DP_disk2/lyan/hadoop/logs/chukwa/metrics/chukwa-lyan-dfs-1307525356741.log,dfs.datanode,0,0,sr221, cluster="chukwa",sr221,8370,295,0,0,229,66,0,0,0,4,0,4
1307525566,301,1,0,1,4,/mnt/DP_disk2/lyan/hadoop/logs/chukwa/metrics/chukwa-lyan-dfs-1307525356741.log,dfs.datanode,0,0,sr221, cluster="chukwa",sr221,8083,301,0,0,233,68,0,0,0,4,0,4
1307525576,309,1,0,1,4,/mnt/DP_disk2/lyan/hadoop/logs/chukwa/metrics/chukwa-lyan-dfs-1307525356741.log,dfs.datanode,0,0,sr221, cluster="chukwa",sr221,12014,309,0,0,237,72,0,0,0,4,0,4
1307525586,310,1,0,1,4,/mnt/DP_disk2/lyan/hadoop/logs/chukwa/metrics/chukwa-lyan-dfs-1307525356741.log,dfs.datanode,0,0,sr221, cluster="chukwa",sr221,12927,310,0,0,238,72,0,0,0,4,0,4
1307525596,310,1,0,1,4,/mnt/DP_disk2/lyan/hadoop/logs/chukwa/metrics/chukwa-lyan-dfs-1307525356741.log,dfs.datanode,0,0,sr221, cluster="chukwa",sr221,0,310,0,0,238,72,0,0,0,4,0,4
1307525606,311,1,0,1,4,/mnt/DP_disk2/lyan/hadoop/logs/chukwa/metrics/chukwa-lyan-dfs-1307525356741.log,dfs.datanode,0,0,sr221, cluster="chukwa",sr221,1160,311,0,0,238,73,0,0,0,4,0,4
1307525616,311,1,0,1,4,/mnt/DP_disk2/lyan/hadoop/logs/chukwa/metrics/chukwa-lyan-dfs-1307525356741.log,dfs.datanode,0,0,sr221, cluster="chukwa",sr221,0,311,0,0,238,73,0,0,0,4,0,4
1307525626,311,1,0,1,4,/mnt/DP_disk2/lyan/hadoop/logs/chukwa/metrics/chukwa-lyan-dfs-1307525356741.log,dfs.datanode,0,0,sr221, cluster="chukwa",sr221,0,311,0,0,238,73,0,0,0,4,0,4
1307525636,311,1,0,1,4,/mnt/DP_disk2/lyan/hadoop/logs/chukwa/metrics/chukwa-lyan-dfs-1307525356741.log,dfs.datanode,0,0,sr221, cluster="chukwa",sr221,0,311,0,0,238,73,0,0,0,4,0,4
1307525646,311,1,0,1,4,/mnt/DP_disk2/lyan/hadoop/logs/chukwa/metrics/chukwa-lyan-dfs-1307525356741.log,dfs.datanode,0,0,sr221, cluster="chukwa",sr221,0,311,0,0,238,73,0,0,0,4,0,4
1307525656,311,1,0,1,4,/mnt/DP_disk2/lyan/hadoop/logs/chukwa/metrics/chukwa-lyan-dfs-1307525356741.log,dfs.datanode,0,0,sr221, cluster="chukwa",sr221,0,311,0,0,238,73,0,0,0,4,0,4
1307525666,312,1,0,1,4,/mnt/DP_disk2/lyan/hadoop/logs/chukwa/metrics/chukwa-lyan-dfs-1307525356741.log,dfs.datanode,0,0,sr221, cluster="chukwa",sr221,1248,312,0,0,238,74,0,0,0,4,0,4
1307525676,312,1,0,1,7,/mnt/DP_disk2/lyan/hadoop/logs/chukwa/metrics/chukwa-lyan-dfs-1307525356741.log,dfs.datanode,0,0,sr221, cluster="chukwa",sr221,0,312,0,0,238,74,0,0,8047,7,1,6
1307525686,312,1,0,1,11,/mnt/DP_disk2/lyan/hadoop/logs/chukwa/metrics/chukwa-lyan-dfs-1307525356741.log,dfs.datanode,0,0,sr221, cluster="chukwa",sr221,0,312,0,0,238,74,0,0,11086,11,1,10
1307525696,312,1,0,1,17,/mnt/DP_disk2/lyan/hadoop/logs/chukwa/metrics/chukwa-lyan-dfs-1307525356741.log,dfs.datanode,0,0,sr221, cluster="chukwa",sr221,0,312,0,0,238,74,0,0,8778,17,3,14
1307525706,312,1,0,1,23,/mnt/DP_disk2/lyan/hadoop/logs/chukwa/metrics/chukwa-lyan-dfs-1307525356741.log,dfs.datanode,0,0,sr221, cluster="chukwa",sr221,0,312,0,0,238,74,0,0,7129,23,4,19
1307525716,312,1,0,1,27,/mnt/DP_disk2/lyan/hadoop/logs/chukwa/metrics/chukwa-lyan-dfs-1307525356741.log,dfs.datanode,0,0,sr221, cluster="chukwa",sr221,0,312,0,0,238,74,0,0,4056,27,4,23
1307525726,312,1,0,1,30,/mnt/DP_disk2/lyan/hadoop/logs/chukwa/metrics/chukwa-lyan-dfs-1307525356741.log,dfs.datanode,0,0,sr221, cluster="chukwa",sr221,0,312,0,0,238,74,0,0,3009,30,4,26
1307525736,312,1,0,1,30,/mnt/DP_disk2/lyan/hadoop/logs/chukwa/metrics/chukwa-lyan-dfs-1307525356741.log,dfs.datanode,0,0,sr221, cluster="chukwa",sr221,0,312,0,0,238,74,0,0,0,30,4,26
1307525746,312,1,0,1,31,/mnt/DP_disk2/lyan/hadoop/logs/chukwa/metrics/chukwa-lyan-dfs-1307525356741.log,dfs.datanode,0,0,sr221, cluster="chukwa",sr221,0,312,0,0,238,74,0,0,4583,31,5,26
1307525756,312,1,0,1,37,/mnt/DP_disk2/lyan/hadoop/logs/chukwa/metrics/chukwa-lyan-dfs-1307525356741.log,dfs.datanode,0,0,sr221, cluster="chukwa",sr221,0,312,0,0,238,74,0,0,4847,37,7,30
1307525766,312,1,0,1,42,/mnt/DP_disk2/lyan/hadoop/logs/chukwa/metrics/chukwa-lyan-dfs-1307525356741.log,dfs.datanode,0,0,sr221, cluster="chukwa",sr221,0,312,0,0,238,74,0,0,4128,42,7,35
1307525776,312,1,0,1,44,/mnt/DP_disk2/lyan/hadoop/logs/chukwa/metrics/chukwa-lyan-dfs-1307525356741.log,dfs.datanode,0,0,sr221, cluster="chukwa",sr221,0,312,0,0,238,74,0,0,6788,44,7,37
1307525786,312,1,0,1,50,/mnt/DP_disk2/lyan/hadoop/logs/chukwa/metrics/chukwa-lyan-dfs-1307525356741.log,dfs.datanode,0,0,sr221, cluster="chukwa",sr221,0,312,0,0,238,74,0,0,48752,50,10,40
1307525796,312,1,0,1,58,/mnt/DP_disk2/lyan/hadoop/logs/chukwa/metrics/chukwa-lyan-dfs-1307525356741.log,dfs.datanode,0,0,sr221, cluster="chukwa",sr221,0,312,0,0,238,74,0,0,35657,58,11,47
1307525806,312,1,0,1,64,/mnt/DP_disk2/lyan/hadoop/logs/chukwa/metrics/chukwa-lyan-dfs-1307525356741.log,dfs.datanode,0,0,sr221, cluster="chukwa",sr221,0,312,0,0,238,74,0,0,21346,64,13,51
1307525816,312,1,0,1,69,/mnt/DP_disk2/lyan/hadoop/logs/chukwa/metrics/chukwa-lyan-dfs-1307525356741.log,dfs.datanode,0,0,sr221, cluster="chukwa",sr221,0,312,0,0,238,74,0,0,15416,69,16,53
1307525826,312,1,0,1,75,/mnt/DP_disk2/lyan/hadoop/logs/chukwa/metrics/chukwa-lyan-dfs-1307525356741.log,dfs.datanode,0,0,sr221, cluster="chukwa",sr221,0,312,0,0,238,74,0,0,13618,75,20,55
1307525836,312,1,0,1,81,/mnt/DP_disk2/lyan/hadoop/logs/chukwa/metrics/chukwa-lyan-dfs-1307525356741.log,dfs.datanode,0,0,sr221, cluster="chukwa",sr221,0,312,0,0,238,74,0,0,13990,81,23,58
1307525846,312,1,0,1,85,/mnt/DP_disk2/lyan/hadoop/logs/chukwa/metrics/chukwa-lyan-dfs-1307525356741.log,dfs.datanode,0,0,sr221, cluster="chukwa",sr221,0,312,0,0,238,74,0,0,15572,85,26,59
1307525856,312,1,0,1,89,/mnt/DP_disk2/lyan/hadoop/logs/chukwa/metrics/chukwa-lyan-dfs-1307525356741.log,dfs.datanode,0,0,sr221, cluster="chukwa",sr221,0,312,0,0,238,74,0,0,14522,89,27,62
1307525866,312,1,0,1,97,/mnt/DP_disk2/lyan/hadoop/logs/chukwa/metrics/chukwa-lyan-dfs-1307525356741.log,dfs.datanode,0,0,sr221, cluster="chukwa",sr221,0,312,0,0,238,74,0,0,16922,97,29,68
1307525876,312,1,0,1,105,/mnt/DP_disk2/lyan/hadoop/logs/chukwa/metrics/chukwa-lyan-dfs-1307525356741.log,dfs.datanode,0,0,sr221, cluster="chukwa",sr221,0,312,0,0,238,74,0,0,17127,105,32,73
1307525886,312,1,0,1,107,/mnt/DP_disk2/lyan/hadoop/logs/chukwa/metrics/chukwa-lyan-dfs-1307525356741.log,dfs.datanode,0,0,sr221, cluster="chukwa",sr221,0,312,0,0,238,74,0,0,13525,107,32,75
1307525896,312,1,0,1,118,/mnt/DP_disk2/lyan/hadoop/logs/chukwa/metrics/chukwa-lyan-dfs-1307525356741.log,dfs.datanode,0,0,sr221, cluster="chukwa",sr221,0,312,0,0,238,74,0,0,22664,118,35,83
1307525906,312,1,0,1,125,/mnt/DP_disk2/lyan/hadoop/logs/chukwa/metrics/chukwa-lyan-dfs-1307525356741.log,dfs.datanode,0,0,sr221, cluster="chukwa",sr221,0,312,0,0,238,74,0,0,22497,125,37,88
1307525916,312,1,0,1,134,/mnt/DP_disk2/lyan/hadoop/logs/chukwa/metrics/chukwa-lyan-dfs-1307525356741.log,dfs.datanode,0,0,sr221, cluster="chukwa",sr221,0,312,0,0,238,74,0,0,21757,134,38,96
1307525926,312,1,0,1,144,/mnt/DP_disk2/lyan/hadoop/logs/chukwa/metrics/chukwa-lyan-dfs-1307525356741.log,dfs.datanode,0,0,sr221, cluster="chukwa",sr221,0,312,0,0,238,74,0,0,20103,144,41,103
1307525936,312,1,0,1,153,/mnt/DP_disk2/lyan/hadoop/logs/chukwa/metrics/chukwa-lyan-dfs-1307525356741.log,dfs.datanode,0,0,sr221, cluster="chukwa",sr221,0,312,0,0,238,74,0,0,18666,153,43,110
1307525946,312,1,0,1,160,/mnt/DP_disk2/lyan/hadoop/logs/chukwa/metrics/chukwa-lyan-dfs-1307525356741.log,dfs.datanode,0,0,sr221, cluster="chukwa",sr221,0,312,0,0,238,74,0,0,18476,160,45,115
1307525956,312,1,0,1,165,/mnt/DP_disk2/lyan/hadoop/logs/chukwa/metrics/chukwa-lyan-dfs-1307525356741.log,dfs.datanode,0,0,sr221, cluster="chukwa",sr221,0,312,0,0,238,74,0,0,17360,165,47,118
1307525966,312,1,0,1,173,/mnt/DP_disk2/lyan/hadoop/logs/chukwa/metrics/chukwa-lyan-dfs-1307525356741.log,dfs.datanode,0,0,sr221, cluster="chukwa",sr221,0,312,0,0,238,74,0,0,14163,173,49,124
1307525976,312,1,0,1,176,/mnt/DP_disk2/lyan/hadoop/logs/chukwa/metrics/chukwa-lyan-dfs-1307525356741.log,dfs.datanode,0,0,sr221, cluster="chukwa",sr221,0,312,0,0,238,74,0,0,15390,176,51,125
1307525986,312,1,0,1,182,/mnt/DP_disk2/lyan/hadoop/logs/chukwa/metrics/chukwa-lyan-dfs-1307525356741.log,dfs.datanode,0,0,sr221, cluster="chukwa",sr221,0,312,0,0,238,74,0,0,18371,182,53,129
1307525996,312,1,0,1,189,/mnt/DP_disk2/lyan/hadoop/logs/chukwa/metrics/chukwa-lyan-dfs-1307525356741.log,dfs.datanode,0,0,sr221, cluster="chukwa",sr221,0,312,0,0,238,74,0,0,14309,189,56,133
1307526006,312,1,0,1,197,/mnt/DP_disk2/lyan/hadoop/logs/chukwa/metrics/chukwa-lyan-dfs-1307525356741.log,dfs.datanode,0,0,sr221, cluster="chukwa",sr221,0,312,0,0,238,74,0,0,11445,197,58,139
1307526016,312,1,0,1,206,/mnt/DP_disk2/lyan/hadoop/logs/chukwa/metrics/chukwa-lyan-dfs-1307525356741.log,dfs.datanode,0,0,sr221, cluster="chukwa",sr221,0,312,0,0,238,74,0,0,14049,206,62,144
1307526026,312,1,0,1,211,/mnt/DP_disk2/lyan/hadoop/logs/chukwa/metrics/chukwa-lyan-dfs-1307525356741.log,dfs.datanode,0,0,sr221, cluster="chukwa",sr221,0,312,0,0,238,74,0,0,15585,211,63,148
1307526036,312,1,0,1,217,/mnt/DP_disk2/lyan/hadoop/logs/chukwa/metrics/chukwa-lyan-dfs-1307525356741.log,dfs.datanode,0,0,sr221, cluster="chukwa",sr221,0,312,0,0,238,74,0,0,13085,217,66,151
1307526046,312,1,0,1,228,/mnt/DP_disk2/lyan/hadoop/logs/chukwa/metrics/chukwa-lyan-dfs-1307525356741.log,dfs.datanode,0,0,sr221, cluster="chukwa",sr221,0,312,0,0,238,74,0,0,11430,228,69,159
1307526056,312,1,0,1,234,/mnt/DP_disk2/lyan/hadoop/logs/chukwa/metrics/chukwa-lyan-dfs-1307525356741.log,dfs.datanode,0,0,sr221, cluster="chukwa",sr221,0,312,0,0,238,74,0,0,12083,234,71,163
1307526066,312,1,0,1,249,/mnt/DP_disk2/lyan/hadoop/logs/chukwa/metrics/chukwa-lyan-dfs-1307525356741.log,dfs.datanode,0,0,sr221, cluster="chukwa",sr221,0,312,0,0,238,74,0,0,10768,249,77,172
1307526076,312,1,0,2,254,/mnt/DP_disk2/lyan/hadoop/logs/chukwa/metrics/chukwa-lyan-dfs-1307525356741.log,dfs.datanode,0,0,sr221, cluster="chukwa",sr221,0,312,0,0,238,74,0,0,7433,254,80,174
1307526086,312,1,0,2,260,/mnt/DP_disk2/lyan/hadoop/logs/chukwa/metrics/chukwa-lyan-dfs-1307525356741.log,dfs.datanode,0,0,sr221, cluster="chukwa",sr221,0,312,0,0,238,74,0,0,3261,260,84,176
1307525430,0,1,0,0,1,/mnt/DP_disk2/lyan/hadoop/logs/chukwa/metrics/chukwa-lyan-dfs-1307525360385.log,dfs.datanode,0,0,sr222, cluster="chukwa",sr222,0,0,0,0,0,0,0,0,110,1,0,1
1307525440,6,1,0,0,1,/mnt/DP_disk2/lyan/hadoop/logs/chukwa/metrics/chukwa-lyan-dfs-1307525360385.log,dfs.datanode,0,0,sr222, cluster="chukwa",sr222,120,6,0,0,4,2,0,0,0,1,0,1
1307525450,45,1,0,0,1,/mnt/DP_disk2/lyan/hadoop/logs/chukwa/metrics/chukwa-lyan-dfs-1307525360385.log,dfs.datanode,0,0,sr222, cluster="chukwa",sr222,1196,45,0,0,40,5,0,0,0,1,0,1
1307525460,88,1,0,0,1,/mnt/DP_disk2/lyan/hadoop/logs/chukwa/metrics/chukwa-lyan-dfs-1307525360385.log,dfs.datanode,0,0,sr222, cluster="chukwa",sr222,1153,88,0,0,73,15,0,0,0,1,0,1
1307525470,117,1,0,0,1,/mnt/DP_disk2/lyan/hadoop/logs/chukwa/metrics/chukwa-lyan-dfs-1307525360385.log,dfs.datanode,0,0,sr222, cluster="chukwa",sr222,2896,117,0,0,97,20,0,0,0,1,0,1
1307525480,139,1,0,0,1,/mnt/DP_disk2/lyan/hadoop/logs/chukwa/metrics/chukwa-lyan-dfs-1307525360385.log,dfs.datanode,0,0,sr222, cluster="chukwa",sr222,5245,139,0,0,116,23,0,0,0,1,0,1
1307525490,177,1,0,1,1,/mnt/DP_disk2/lyan/hadoop/logs/chukwa/metrics/chukwa-lyan-dfs-1307525360385.log,dfs.datanode,0,0,sr222, cluster="chukwa",sr222,1042,177,0,0,142,35,0,0,0,1,0,1
1307525500,186,1,0,1,1,/mnt/DP_disk2/lyan/hadoop/logs/chukwa/metrics/chukwa-lyan-dfs-1307525360385.log,dfs.datanode,0,0,sr222, cluster="chukwa",sr222,5959,186,0,0,149,37,0,0,0,1,0,1
1307525510,220,1,0,1,1,/mnt/DP_disk2/lyan/hadoop/logs/chukwa/metrics/chukwa-lyan-dfs-1307525360385.log,dfs.datanode,0,0,sr222, cluster="chukwa",sr222,7014,220,0,0,174,46,0,0,0,1,0,1
1307525520,227,1,0,1,1,/mnt/DP_disk2/lyan/hadoop/logs/chukwa/metrics/chukwa-lyan-dfs-1307525360385.log,dfs.datanode,0,0,sr222, cluster="chukwa",sr222,5186,227,0,0,179,48,0,0,0,1,0,1
1307525530,242,1,0,1,1,/mnt/DP_disk2/lyan/hadoop/logs/chukwa/metrics/chukwa-lyan-dfs-1307525360385.log,dfs.datanode,0,0,sr222, cluster="chukwa",sr222,11793,242,0,0,192,50,0,0,0,1,0,1
1307525540,257,1,0,1,1,/mnt/DP_disk2/lyan/hadoop/logs/chukwa/metrics/chukwa-lyan-dfs-1307525360385.log,dfs.datanode,0,0,sr222, cluster="chukwa",sr222,2120,257,0,0,204,53,0,0,0,1,0,1
1307525550,279,1,0,1,1,/mnt/DP_disk2/lyan/hadoop/logs/chukwa/metrics/chukwa-lyan-dfs-1307525360385.log,dfs.datanode,0,0,sr222, cluster="chukwa",sr222,2914,279,0,0,221,58,0,0,0,1,0,1
1307525560,287,1,0,1,1,/mnt/DP_disk2/lyan/hadoop/logs/chukwa/metrics/chukwa-lyan-dfs-1307525360385.log,dfs.datanode,0,0,sr222, cluster="chukwa",sr222,10462,287,0,0,228,59,0,0,0,1,0,1
1307525570,302,1,0,1,1,/mnt/DP_disk2/lyan/hadoop/logs/chukwa/metrics/chukwa-lyan-dfs-1307525360385.log,dfs.datanode,0,0,sr222, cluster="chukwa",sr222,10628,302,0,0,238,64,0,0,0,1,0,1
1307525580,304,1,0,1,1,/mnt/DP_disk2/lyan/hadoop/logs/chukwa/metrics/chukwa-lyan-dfs-1307525360385.log,dfs.datanode,0,0,sr222, cluster="chukwa",sr222,5109,304,0,0,240,64,0,0,0,1,0,1
1307525590,304,1,0,1,1,/mnt/DP_disk2/lyan/hadoop/logs/chukwa/metrics/chukwa-lyan-dfs-1307525360385.log,dfs.datanode,0,0,sr222, cluster="chukwa",sr222,0,304,0,0,240,64,0,0,0,1,0,1
1307525600,304,1,0,1,1,/mnt/DP_disk2/lyan/hadoop/logs/chukwa/metrics/chukwa-lyan-dfs-1307525360385.log,dfs.datanode,0,0,sr222, cluster="chukwa",sr222,0,304,0,0,240,64,0,0,0,1,0,1
1307525610,304,1,0,1,1,/mnt/DP_disk2/lyan/hadoop/logs/chukwa/metrics/chukwa-lyan-dfs-1307525360385.log,dfs.datanode,0,0,sr222, cluster="chukwa",sr222,0,304,0,0,240,64,0,0,0,1,0,1
1307525620,304,1,0,1,1,/mnt/DP_disk2/lyan/hadoop/logs/chukwa/metrics/chukwa-lyan-dfs-1307525360385.log,dfs.datanode,0,0,sr222, cluster="chukwa",sr222,0,304,0,0,240,64,0,0,0,1,0,1
1307525630,304,1,0,1,1,/mnt/DP_disk2/lyan/hadoop/logs/chukwa/metrics/chukwa-lyan-dfs-1307525360385.log,dfs.datanode,0,0,sr222, cluster="chukwa",sr222,0,304,0,0,240,64,0,0,0,1,0,1
1307525640,304,1,0,1,1,/mnt/DP_disk2/lyan/hadoop/logs/chukwa/metrics/chukwa-lyan-dfs-1307525360385.log,dfs.datanode,0,0,sr222, cluster="chukwa",sr222,0,304,0,0,240,64,0,0,0,1,0,1
1307525650,304,1,0,1,1,/mnt/DP_disk2/lyan/hadoop/logs/chukwa/metrics/chukwa-lyan-dfs-1307525360385.log,dfs.datanode,0,0,sr222, cluster="chukwa",sr222,0,304,0,0,240,64,0,0,0,1,0,1
1307525660,304,1,0,1,1,/mnt/DP_disk2/lyan/hadoop/logs/chukwa/metrics/chukwa-lyan-dfs-1307525360385.log,dfs.datanode,0,0,sr222, cluster="chukwa",sr222,0,304,0,0,240,64,0,0,0,1,0,1
1307525670,304,1,0,1,2,/mnt/DP_disk2/lyan/hadoop/logs/chukwa/metrics/chukwa-lyan-dfs-1307525360385.log,dfs.datanode,0,0,sr222, cluster="chukwa",sr222,0,304,0,0,240,64,0,0,0,1,0,1
1307525680,304,1,0,1,11,/mnt/DP_disk2/lyan/hadoop/logs/chukwa/metrics/chukwa-lyan-dfs-1307525360385.log,dfs.datanode,0,0,sr222, cluster="chukwa",sr222,0,304,0,0,240,64,0,0,11133,11,3,8
1307525690,304,1,0,1,14,/mnt/DP_disk2/lyan/hadoop/logs/chukwa/metrics/chukwa-lyan-dfs-1307525360385.log,dfs.datanode,0,0,sr222, cluster="chukwa",sr222,0,304,0,0,240,64,0,0,12086,14,5,9
1307525700,304,1,0,1,22,/mnt/DP_disk2/lyan/hadoop/logs/chukwa/metrics/chukwa-lyan-dfs-1307525360385.log,dfs.datanode,0,0,sr222, cluster="chukwa",sr222,0,304,0,0,240,64,0,0,9266,22,9,13
1307525710,304,1,0,1,26,/mnt/DP_disk2/lyan/hadoop/logs/chukwa/metrics/chukwa-lyan-dfs-1307525360385.log,dfs.datanode,0,0,sr222, cluster="chukwa",sr222,0,304,0,0,240,64,0,0,6866,26,12,14
1307525720,304,1,0,1,31,/mnt/DP_disk2/lyan/hadoop/logs/chukwa/metrics/chukwa-lyan-dfs-1307525360385.log,dfs.datanode,0,0,sr222, cluster="chukwa",sr222,0,304,0,0,240,64,0,0,3775,31,13,18
1307525730,304,1,0,1,32,/mnt/DP_disk2/lyan/hadoop/logs/chukwa/metrics/chukwa-lyan-dfs-1307525360385.log,dfs.datanode,0,0,sr222, cluster="chukwa",sr222,0,304,0,0,240,64,0,0,1791,32,13,19
1307525740,304,1,0,1,36,/mnt/DP_disk2/lyan/hadoop/logs/chukwa/metrics/chukwa-lyan-dfs-1307525360385.log,dfs.datanode,0,0,sr222, cluster="chukwa",sr222,0,304,0,0,240,64,0,0,2931,36,13,23
1307525750,304,1,0,1,39,/mnt/DP_disk2/lyan/hadoop/logs/chukwa/metrics/chukwa-lyan-dfs-1307525360385.log,dfs.datanode,0,0,sr222, cluster="chukwa",sr222,0,304,0,0,240,64,0,0,4187,39,13,26
1307525760,304,1,0,1,39,/mnt/DP_disk2/lyan/hadoop/logs/chukwa/metrics/chukwa-lyan-dfs-1307525360385.log,dfs.datanode,0,0,sr222, cluster="chukwa",sr222,0,304,0,0,240,64,0,0,0,39,13,26
1307525770,304,1,0,1,42,/mnt/DP_disk2/lyan/hadoop/logs/chukwa/metrics/chukwa-lyan-dfs-1307525360385.log,dfs.datanode,0,0,sr222, cluster="chukwa",sr222,0,304,0,0,240,64,0,0,7696,42,13,29
1307525780,304,1,0,1,46,/mnt/DP_disk2/lyan/hadoop/logs/chukwa/metrics/chukwa-lyan-dfs-1307525360385.log,dfs.datanode,0,0,sr222, cluster="chukwa",sr222,0,304,0,0,240,64,0,0,8975,46,13,33
1307525790,304,1,0,1,50,/mnt/DP_disk2/lyan/hadoop/logs/chukwa/metrics/chukwa-lyan-dfs-1307525360385.log,dfs.datanode,0,0,sr222, cluster="chukwa",sr222,0,304,0,0,240,64,0,0,32606,50,15,35
1307525800,304,1,0,1,56,/mnt/DP_disk2/lyan/hadoop/logs/chukwa/metrics/chukwa-lyan-dfs-1307525360385.log,dfs.datanode,0,0,sr222, cluster="chukwa",sr222,0,304,0,0,240,64,0,0,27131,56,16,40
1307525810,304,1,0,1,63,/mnt/DP_disk2/lyan/hadoop/logs/chukwa/metrics/chukwa-lyan-dfs-1307525360385.log,dfs.datanode,0,0,sr222, cluster="chukwa",sr222,0,304,0,0,240,64,0,0,30615,63,19,44
1307525820,304,1,0,1,70,/mnt/DP_disk2/lyan/hadoop/logs/chukwa/metrics/chukwa-lyan-dfs-1307525360385.log,dfs.datanode,0,0,sr222, cluster="chukwa",sr222,0,304,0,0,240,64,0,0,16092,70,21,49
1307525830,304,1,0,1,75,/mnt/DP_disk2/lyan/hadoop/logs/chukwa/metrics/chukwa-lyan-dfs-1307525360385.log,dfs.datanode,0,0,sr222, cluster="chukwa",sr222,0,304,0,0,240,64,0,0,16039,75,24,51
1307525840,304,1,0,1,81,/mnt/DP_disk2/lyan/hadoop/logs/chukwa/metrics/chukwa-lyan-dfs-1307525360385.log,dfs.datanode,0,0,sr222, cluster="chukwa",sr222,0,304,0,0,240,64,0,0,14835,81,26,55
1307525850,304,1,0,1,87,/mnt/DP_disk2/lyan/hadoop/logs/chukwa/metrics/chukwa-lyan-dfs-1307525360385.log,dfs.datanode,0,0,sr222, cluster="chukwa",sr222,0,304,0,0,240,64,0,0,15077,87,27,60
1307525860,304,1,0,1,95,/mnt/DP_disk2/lyan/hadoop/logs/chukwa/metrics/chukwa-lyan-dfs-1307525360385.log,dfs.datanode,0,0,sr222, cluster="chukwa",sr222,0,304,0,0,240,64,0,0,17317,95,29,66
1307525870,304,1,0,1,102,/mnt/DP_disk2/lyan/hadoop/logs/chukwa/metrics/chukwa-lyan-dfs-1307525360385.log,dfs.datanode,0,0,sr222, cluster="chukwa",sr222,0,304,0,0,240,64,0,0,16237,102,32,70
1307525880,304,1,0,1,105,/mnt/DP_disk2/lyan/hadoop/logs/chukwa/metrics/chukwa-lyan-dfs-1307525360385.log,dfs.datanode,0,0,sr222, cluster="chukwa",sr222,0,304,0,0,240,64,0,0,14871,105,33,72
1307525890,304,1,0,1,113,/mnt/DP_disk2/lyan/hadoop/logs/chukwa/metrics/chukwa-lyan-dfs-1307525360385.log,dfs.datanode,0,0,sr222, cluster="chukwa",sr222,0,304,0,0,240,64,0,0,14832,113,35,78
1307525900,304,1,0,1,121,/mnt/DP_disk2/lyan/hadoop/logs/chukwa/metrics/chukwa-lyan-dfs-1307525360385.log,dfs.datanode,0,0,sr222, cluster="chukwa",sr222,0,304,0,0,240,64,0,0,18405,121,37,84
1307525910,304,1,0,1,126,/mnt/DP_disk2/lyan/hadoop/logs/chukwa/metrics/chukwa-lyan-dfs-1307525360385.log,dfs.datanode,0,0,sr222, cluster="chukwa",sr222,0,304,0,0,240,64,0,0,16819,126,41,85
1307525920,304,1,0,1,133,/mnt/DP_disk2/lyan/hadoop/logs/chukwa/metrics/chukwa-lyan-dfs-1307525360385.log,dfs.datanode,0,0,sr222, cluster="chukwa",sr222,0,304,0,0,240,64,0,0,13649,133,42,91
1307525930,304,1,0,1,143,/mnt/DP_disk2/lyan/hadoop/logs/chukwa/metrics/chukwa-lyan-dfs-1307525360385.log,dfs.datanode,0,0,sr222, cluster="chukwa",sr222,0,304,0,0,240,64,0,0,16685,143,43,100
1307525940,304,1,0,1,150,/mnt/DP_disk2/lyan/hadoop/logs/chukwa/metrics/chukwa-lyan-dfs-1307525360385.log,dfs.datanode,0,0,sr222, cluster="chukwa",sr222,0,304,0,0,240,64,0,0,17512,150,47,103
1307525950,304,1,0,1,158,/mnt/DP_disk2/lyan/hadoop/logs/chukwa/metrics/chukwa-lyan-dfs-1307525360385.log,dfs.datanode,0,0,sr222, cluster="chukwa",sr222,0,304,0,0,240,64,0,0,12486,158,51,107
1307525960,304,1,0,1,161,/mnt/DP_disk2/lyan/hadoop/logs/chukwa/metrics/chukwa-lyan-dfs-1307525360385.log,dfs.datanode,0,0,sr222, cluster="chukwa",sr222,0,304,0,0,240,64,0,0,14686,161,51,110
1307525970,304,1,0,1,168,/mnt/DP_disk2/lyan/hadoop/logs/chukwa/metrics/chukwa-lyan-dfs-1307525360385.log,dfs.datanode,0,0,sr222, cluster="chukwa",sr222,0,304,0,0,240,64,0,0,15301,168,54,114
1307525980,304,1,0,1,177,/mnt/DP_disk2/lyan/hadoop/logs/chukwa/metrics/chukwa-lyan-dfs-1307525360385.log,dfs.datanode,0,0,sr222, cluster="chukwa",sr222,0,304,0,0,240,64,0,0,17725,177,55,122
1307525990,304,1,0,1,186,/mnt/DP_disk2/lyan/hadoop/logs/chukwa/metrics/chukwa-lyan-dfs-1307525360385.log,dfs.datanode,0,0,sr222, cluster="chukwa",sr222,0,304,0,0,240,64,0,0,19855,186,59,127
1307526000,304,1,0,1,194,/mnt/DP_disk2/lyan/hadoop/logs/chukwa/metrics/chukwa-lyan-dfs-1307525360385.log,dfs.datanode,0,0,sr222, cluster="chukwa",sr222,0,304,0,0,240,64,0,0,12372,194,61,133
1307526010,304,1,0,1,200,/mnt/DP_disk2/lyan/hadoop/logs/chukwa/metrics/chukwa-lyan-dfs-1307525360385.log,dfs.datanode,0,0,sr222, cluster="chukwa",sr222,0,304,0,0,240,64,0,0,14636,200,63,137
1307526020,304,1,0,1,210,/mnt/DP_disk2/lyan/hadoop/logs/chukwa/metrics/chukwa-lyan-dfs-1307525360385.log,dfs.datanode,0,0,sr222, cluster="chukwa",sr222,0,304,0,0,240,64,0,0,11910,210,67,143
1307526030,304,1,0,1,217,/mnt/DP_disk2/lyan/hadoop/logs/chukwa/metrics/chukwa-lyan-dfs-1307525360385.log,dfs.datanode,0,0,sr222, cluster="chukwa",sr222,0,304,0,0,240,64,0,0,13291,217,70,147
1307526040,304,1,0,1,225,/mnt/DP_disk2/lyan/hadoop/logs/chukwa/metrics/chukwa-lyan-dfs-1307525360385.log,dfs.datanode,0,0,sr222, cluster="chukwa",sr222,0,304,0,0,240,64,0,0,7930,225,73,152
1307526050,304,1,0,1,231,/mnt/DP_disk2/lyan/hadoop/logs/chukwa/metrics/chukwa-lyan-dfs-1307525360385.log,dfs.datanode,0,0,sr222, cluster="chukwa",sr222,0,304,0,0,240,64,0,0,8968,231,76,155
1307526060,304,1,0,1,240,/mnt/DP_disk2/lyan/hadoop/logs/chukwa/metrics/chukwa-lyan-dfs-1307525360385.log,dfs.datanode,0,0,sr222, cluster="chukwa",sr222,0,304,0,0,240,64,0,0,9176,240,80,160
1307526070,304,1,0,1,245,/mnt/DP_disk2/lyan/hadoop/logs/chukwa/metrics/chukwa-lyan-dfs-1307525360385.log,dfs.datanode,0,0,sr222, cluster="chukwa",sr222,0,304,0,0,240,64,0,0,5460,245,84,161
1307526080,304,1,0,2,247,/mnt/DP_disk2/lyan/hadoop/logs/chukwa/metrics/chukwa-lyan-dfs-1307525360385.log,dfs.datanode,0,0,sr222, cluster="chukwa",sr222,0,304,0,0,240,64,0,0,5706,247,84,163
1307526090,304,1,0,2,251,/mnt/DP_disk2/lyan/hadoop/logs/chukwa/metrics/chukwa-lyan-dfs-1307525360385.log,dfs.datanode,0,0,sr222, cluster="chukwa",sr222,0,304,0,0,240,64,0,0,4698,251,84,167
