Timestamp,capp,category,csource,ctags,hostName,shuffle_failed_outputs,shuffle_handler_busy_percent,shuffle_output_bytes,shuffle_success_outputs
1307525439,/mnt/DP_disk2/lyan/hadoop/logs/chukwa/metrics/chukwa-lyan-mapred-1307525359762.log,mapred.shuffleOutput,sr214, cluster="chukwa",sr214,0,0,0,0
1307525449,/mnt/DP_disk2/lyan/hadoop/logs/chukwa/metrics/chukwa-lyan-mapred-1307525359762.log,mapred.shuffleOutput,sr214, cluster="chukwa",sr214,0,0,0,0
1307525459,/mnt/DP_disk2/lyan/hadoop/logs/chukwa/metrics/chukwa-lyan-mapred-1307525359762.log,mapred.shuffleOutput,sr214, cluster="chukwa",sr214,0,50,83709970,0
1307525469,/mnt/DP_disk2/lyan/hadoop/logs/chukwa/metrics/chukwa-lyan-mapred-1307525359762.log,mapred.shuffleOutput,sr214, cluster="chukwa",sr214,0,25,625138567,140
1307525479,/mnt/DP_disk2/lyan/hadoop/logs/chukwa/metrics/chukwa-lyan-mapred-1307525359762.log,mapred.shuffleOutput,sr214, cluster="chukwa",sr214,0,72.5,1280682180,297
1307525489,/mnt/DP_disk2/lyan/hadoop/logs/chukwa/metrics/chukwa-lyan-mapred-1307525359762.log,mapred.shuffleOutput,sr214, cluster="chukwa",sr214,0,75,1906137157,420
1307525499,/mnt/DP_disk2/lyan/hadoop/logs/chukwa/metrics/chukwa-lyan-mapred-1307525359762.log,mapred.shuffleOutput,sr214, cluster="chukwa",sr214,0,15.000001,2932790775,685
1307525509,/mnt/DP_disk2/lyan/hadoop/logs/chukwa/metrics/chukwa-lyan-mapred-1307525359762.log,mapred.shuffleOutput,sr214, cluster="chukwa",sr214,0,62.5,3781966997,871
1307525519,/mnt/DP_disk2/lyan/hadoop/logs/chukwa/metrics/chukwa-lyan-mapred-1307525359762.log,mapred.shuffleOutput,sr214, cluster="chukwa",sr214,0,27.5,4310851287,1009
1307525529,/mnt/DP_disk2/lyan/hadoop/logs/chukwa/metrics/chukwa-lyan-mapred-1307525359762.log,mapred.shuffleOutput,sr214, cluster="chukwa",sr214,0,55,5065196539,1179
1307525539,/mnt/DP_disk2/lyan/hadoop/logs/chukwa/metrics/chukwa-lyan-mapred-1307525359762.log,mapred.shuffleOutput,sr214, cluster="chukwa",sr214,0,97.5,5363155927,1226
1307525549,/mnt/DP_disk2/lyan/hadoop/logs/chukwa/metrics/chukwa-lyan-mapred-1307525359762.log,mapred.shuffleOutput,sr214, cluster="chukwa",sr214,0,15.000001,5640412549,1330
1307525559,/mnt/DP_disk2/lyan/hadoop/logs/chukwa/metrics/chukwa-lyan-mapred-1307525359762.log,mapred.shuffleOutput,sr214, cluster="chukwa",sr214,0,40,5921240883,1390
1307525569,/mnt/DP_disk2/lyan/hadoop/logs/chukwa/metrics/chukwa-lyan-mapred-1307525359762.log,mapred.shuffleOutput,sr214, cluster="chukwa",sr214,0,25,6584970599,1552
1307525579,/mnt/DP_disk2/lyan/hadoop/logs/chukwa/metrics/chukwa-lyan-mapred-1307525359762.log,mapred.shuffleOutput,sr214, cluster="chukwa",sr214,0,27.5,7008863542,1654
1307525589,/mnt/DP_disk2/lyan/hadoop/logs/chukwa/metrics/chukwa-lyan-mapred-1307525359762.log,mapred.shuffleOutput,sr214, cluster="chukwa",sr214,0,27.5,7835352971,1850
1307525599,/mnt/DP_disk2/lyan/hadoop/logs/chukwa/metrics/chukwa-lyan-mapred-1307525359762.log,mapred.shuffleOutput,sr214, cluster="chukwa",sr214,0,27.5,8640262286,2042
1307525609,/mnt/DP_disk2/lyan/hadoop/logs/chukwa/metrics/chukwa-lyan-mapred-1307525359762.log,mapred.shuffleOutput,sr214, cluster="chukwa",sr214,0,20,9466920693,2240
1307525619,/mnt/DP_disk2/lyan/hadoop/logs/chukwa/metrics/chukwa-lyan-mapred-1307525359762.log,mapred.shuffleOutput,sr214, cluster="chukwa",sr214,0,7.5000005,10225178414,2423
1307525629,/mnt/DP_disk2/lyan/hadoop/logs/chukwa/metrics/chukwa-lyan-mapred-1307525359762.log,mapred.shuffleOutput,sr214, cluster="chukwa",sr214,0,10,10540985385,2498
1307525639,/mnt/DP_disk2/lyan/hadoop/logs/chukwa/metrics/chukwa-lyan-mapred-1307525359762.log,mapred.shuffleOutput,sr214, cluster="chukwa",sr214,0,0,10683951937,2535
1307525649,/mnt/DP_disk2/lyan/hadoop/logs/chukwa/metrics/chukwa-lyan-mapred-1307525359762.log,mapred.shuffleOutput,sr214, cluster="chukwa",sr214,0,5,10697906279,2537
1307525659,/mnt/DP_disk2/lyan/hadoop/logs/chukwa/metrics/chukwa-lyan-mapred-1307525359762.log,mapred.shuffleOutput,sr214, cluster="chukwa",sr214,0,7.5000005,10713367089,2540
1307525669,/mnt/DP_disk2/lyan/hadoop/logs/chukwa/metrics/chukwa-lyan-mapred-1307525359762.log,mapred.shuffleOutput,sr214, cluster="chukwa",sr214,0,7.5000005,10842307501,2571
1307525679,/mnt/DP_disk2/lyan/hadoop/logs/chukwa/metrics/chukwa-lyan-mapred-1307525359762.log,mapred.shuffleOutput,sr214, cluster="chukwa",sr214,0,5,10876398963,2580
1307525689,/mnt/DP_disk2/lyan/hadoop/logs/chukwa/metrics/chukwa-lyan-mapred-1307525359762.log,mapred.shuffleOutput,sr214, cluster="chukwa",sr214,0,2.5,10904304190,2587
1307525699,/mnt/DP_disk2/lyan/hadoop/logs/chukwa/metrics/chukwa-lyan-mapred-1307525359762.log,mapred.shuffleOutput,sr214, cluster="chukwa",sr214,0,0,10922384768,2592
1307525709,/mnt/DP_disk2/lyan/hadoop/logs/chukwa/metrics/chukwa-lyan-mapred-1307525359762.log,mapred.shuffleOutput,sr214, cluster="chukwa",sr214,0,0,10922384768,2592
1307525719,/mnt/DP_disk2/lyan/hadoop/logs/chukwa/metrics/chukwa-lyan-mapred-1307525359762.log,mapred.shuffleOutput,sr214, cluster="chukwa",sr214,0,0,10922384768,2592
1307525729,/mnt/DP_disk2/lyan/hadoop/logs/chukwa/metrics/chukwa-lyan-mapred-1307525359762.log,mapred.shuffleOutput,sr214, cluster="chukwa",sr214,0,0,10922384768,2592
1307525739,/mnt/DP_disk2/lyan/hadoop/logs/chukwa/metrics/chukwa-lyan-mapred-1307525359762.log,mapred.shuffleOutput,sr214, cluster="chukwa",sr214,0,0,10922384768,2592
1307525749,/mnt/DP_disk2/lyan/hadoop/logs/chukwa/metrics/chukwa-lyan-mapred-1307525359762.log,mapred.shuffleOutput,sr214, cluster="chukwa",sr214,0,0,10922384768,2592
1307525759,/mnt/DP_disk2/lyan/hadoop/logs/chukwa/metrics/chukwa-lyan-mapred-1307525359762.log,mapred.shuffleOutput,sr214, cluster="chukwa",sr214,0,0,10922384768,2592
1307525769,/mnt/DP_disk2/lyan/hadoop/logs/chukwa/metrics/chukwa-lyan-mapred-1307525359762.log,mapred.shuffleOutput,sr214, cluster="chukwa",sr214,0,0,10922384768,2592
1307525779,/mnt/DP_disk2/lyan/hadoop/logs/chukwa/metrics/chukwa-lyan-mapred-1307525359762.log,mapred.shuffleOutput,sr214, cluster="chukwa",sr214,0,0,10922384768,2592
1307525789,/mnt/DP_disk2/lyan/hadoop/logs/chukwa/metrics/chukwa-lyan-mapred-1307525359762.log,mapred.shuffleOutput,sr214, cluster="chukwa",sr214,0,0,10922384768,2592
1307525799,/mnt/DP_disk2/lyan/hadoop/logs/chukwa/metrics/chukwa-lyan-mapred-1307525359762.log,mapred.shuffleOutput,sr214, cluster="chukwa",sr214,0,0,10922384768,2592
1307525809,/mnt/DP_disk2/lyan/hadoop/logs/chukwa/metrics/chukwa-lyan-mapred-1307525359762.log,mapred.shuffleOutput,sr214, cluster="chukwa",sr214,0,0,10922384768,2592
1307525819,/mnt/DP_disk2/lyan/hadoop/logs/chukwa/metrics/chukwa-lyan-mapred-1307525359762.log,mapred.shuffleOutput,sr214, cluster="chukwa",sr214,0,0,10922384768,2592
1307525829,/mnt/DP_disk2/lyan/hadoop/logs/chukwa/metrics/chukwa-lyan-mapred-1307525359762.log,mapred.shuffleOutput,sr214, cluster="chukwa",sr214,0,0,10922384768,2592
1307525839,/mnt/DP_disk2/lyan/hadoop/logs/chukwa/metrics/chukwa-lyan-mapred-1307525359762.log,mapred.shuffleOutput,sr214, cluster="chukwa",sr214,0,0,10922384768,2592
1307525849,/mnt/DP_disk2/lyan/hadoop/logs/chukwa/metrics/chukwa-lyan-mapred-1307525359762.log,mapred.shuffleOutput,sr214, cluster="chukwa",sr214,0,0,10922384768,2592
1307525859,/mnt/DP_disk2/lyan/hadoop/logs/chukwa/metrics/chukwa-lyan-mapred-1307525359762.log,mapred.shuffleOutput,sr214, cluster="chukwa",sr214,0,0,10922384768,2592
1307525869,/mnt/DP_disk2/lyan/hadoop/logs/chukwa/metrics/chukwa-lyan-mapred-1307525359762.log,mapred.shuffleOutput,sr214, cluster="chukwa",sr214,0,0,10922384768,2592
1307525879,/mnt/DP_disk2/lyan/hadoop/logs/chukwa/metrics/chukwa-lyan-mapred-1307525359762.log,mapred.shuffleOutput,sr214, cluster="chukwa",sr214,0,0,10922384768,2592
1307525889,/mnt/DP_disk2/lyan/hadoop/logs/chukwa/metrics/chukwa-lyan-mapred-1307525359762.log,mapred.shuffleOutput,sr214, cluster="chukwa",sr214,0,0,10922384768,2592
1307525899,/mnt/DP_disk2/lyan/hadoop/logs/chukwa/metrics/chukwa-lyan-mapred-1307525359762.log,mapred.shuffleOutput,sr214, cluster="chukwa",sr214,0,0,10922384768,2592
1307525909,/mnt/DP_disk2/lyan/hadoop/logs/chukwa/metrics/chukwa-lyan-mapred-1307525359762.log,mapred.shuffleOutput,sr214, cluster="chukwa",sr214,0,0,10922384768,2592
1307525919,/mnt/DP_disk2/lyan/hadoop/logs/chukwa/metrics/chukwa-lyan-mapred-1307525359762.log,mapred.shuffleOutput,sr214, cluster="chukwa",sr214,0,0,10922384768,2592
1307525929,/mnt/DP_disk2/lyan/hadoop/logs/chukwa/metrics/chukwa-lyan-mapred-1307525359762.log,mapred.shuffleOutput,sr214, cluster="chukwa",sr214,0,0,10922384768,2592
1307525939,/mnt/DP_disk2/lyan/hadoop/logs/chukwa/metrics/chukwa-lyan-mapred-1307525359762.log,mapred.shuffleOutput,sr214, cluster="chukwa",sr214,0,0,10922384768,2592
1307525949,/mnt/DP_disk2/lyan/hadoop/logs/chukwa/metrics/chukwa-lyan-mapred-1307525359762.log,mapred.shuffleOutput,sr214, cluster="chukwa",sr214,0,0,10922384768,2592
1307525959,/mnt/DP_disk2/lyan/hadoop/logs/chukwa/metrics/chukwa-lyan-mapred-1307525359762.log,mapred.shuffleOutput,sr214, cluster="chukwa",sr214,0,0,10922384768,2592
1307525969,/mnt/DP_disk2/lyan/hadoop/logs/chukwa/metrics/chukwa-lyan-mapred-1307525359762.log,mapred.shuffleOutput,sr214, cluster="chukwa",sr214,0,0,10922384768,2592
1307525979,/mnt/DP_disk2/lyan/hadoop/logs/chukwa/metrics/chukwa-lyan-mapred-1307525359762.log,mapred.shuffleOutput,sr214, cluster="chukwa",sr214,0,0,10922384768,2592
1307525989,/mnt/DP_disk2/lyan/hadoop/logs/chukwa/metrics/chukwa-lyan-mapred-1307525359762.log,mapred.shuffleOutput,sr214, cluster="chukwa",sr214,0,0,10922384768,2592
1307525999,/mnt/DP_disk2/lyan/hadoop/logs/chukwa/metrics/chukwa-lyan-mapred-1307525359762.log,mapred.shuffleOutput,sr214, cluster="chukwa",sr214,0,0,10922384768,2592
1307526009,/mnt/DP_disk2/lyan/hadoop/logs/chukwa/metrics/chukwa-lyan-mapred-1307525359762.log,mapred.shuffleOutput,sr214, cluster="chukwa",sr214,0,0,10922384768,2592
1307526019,/mnt/DP_disk2/lyan/hadoop/logs/chukwa/metrics/chukwa-lyan-mapred-1307525359762.log,mapred.shuffleOutput,sr214, cluster="chukwa",sr214,0,0,10922384768,2592
1307526029,/mnt/DP_disk2/lyan/hadoop/logs/chukwa/metrics/chukwa-lyan-mapred-1307525359762.log,mapred.shuffleOutput,sr214, cluster="chukwa",sr214,0,0,10922384768,2592
1307526039,/mnt/DP_disk2/lyan/hadoop/logs/chukwa/metrics/chukwa-lyan-mapred-1307525359762.log,mapred.shuffleOutput,sr214, cluster="chukwa",sr214,0,0,10922384768,2592
1307526049,/mnt/DP_disk2/lyan/hadoop/logs/chukwa/metrics/chukwa-lyan-mapred-1307525359762.log,mapred.shuffleOutput,sr214, cluster="chukwa",sr214,0,0,10922384768,2592
1307526059,/mnt/DP_disk2/lyan/hadoop/logs/chukwa/metrics/chukwa-lyan-mapred-1307525359762.log,mapred.shuffleOutput,sr214, cluster="chukwa",sr214,0,0,10922384768,2592
1307526069,/mnt/DP_disk2/lyan/hadoop/logs/chukwa/metrics/chukwa-lyan-mapred-1307525359762.log,mapred.shuffleOutput,sr214, cluster="chukwa",sr214,0,0,10922384768,2592
1307526079,/mnt/DP_disk2/lyan/hadoop/logs/chukwa/metrics/chukwa-lyan-mapred-1307525359762.log,mapred.shuffleOutput,sr214, cluster="chukwa",sr214,0,0,10922384768,2592
1307526089,/mnt/DP_disk2/lyan/hadoop/logs/chukwa/metrics/chukwa-lyan-mapred-1307525359762.log,mapred.shuffleOutput,sr214, cluster="chukwa",sr214,0,0,10922384768,2592
1307525439,/mnt/DP_disk2/lyan/hadoop/logs/chukwa/metrics/chukwa-lyan-mapred-1307525359830.log,mapred.shuffleOutput,sr215, cluster="chukwa",sr215,0,0,0,0
1307525449,/mnt/DP_disk2/lyan/hadoop/logs/chukwa/metrics/chukwa-lyan-mapred-1307525359830.log,mapred.shuffleOutput,sr215, cluster="chukwa",sr215,0,0,0,0
1307525459,/mnt/DP_disk2/lyan/hadoop/logs/chukwa/metrics/chukwa-lyan-mapred-1307525359830.log,mapred.shuffleOutput,sr215, cluster="chukwa",sr215,0,5,77349859,16
1307525469,/mnt/DP_disk2/lyan/hadoop/logs/chukwa/metrics/chukwa-lyan-mapred-1307525359830.log,mapred.shuffleOutput,sr215, cluster="chukwa",sr215,0,60.000004,462243112,109
1307525479,/mnt/DP_disk2/lyan/hadoop/logs/chukwa/metrics/chukwa-lyan-mapred-1307525359830.log,mapred.shuffleOutput,sr215, cluster="chukwa",sr215,0,52.499996,1302029078,289
1307525489,/mnt/DP_disk2/lyan/hadoop/logs/chukwa/metrics/chukwa-lyan-mapred-1307525359830.log,mapred.shuffleOutput,sr215, cluster="chukwa",sr215,0,70,2265769437,518
1307525499,/mnt/DP_disk2/lyan/hadoop/logs/chukwa/metrics/chukwa-lyan-mapred-1307525359830.log,mapred.shuffleOutput,sr215, cluster="chukwa",sr215,0,22.5,2963306784,699
1307525509,/mnt/DP_disk2/lyan/hadoop/logs/chukwa/metrics/chukwa-lyan-mapred-1307525359830.log,mapred.shuffleOutput,sr215, cluster="chukwa",sr215,0,7.5000005,3947288304,937
1307525519,/mnt/DP_disk2/lyan/hadoop/logs/chukwa/metrics/chukwa-lyan-mapred-1307525359830.log,mapred.shuffleOutput,sr215, cluster="chukwa",sr215,0,52.499996,4659706099,1099
1307525529,/mnt/DP_disk2/lyan/hadoop/logs/chukwa/metrics/chukwa-lyan-mapred-1307525359830.log,mapred.shuffleOutput,sr215, cluster="chukwa",sr215,0,20,5273063035,1251
1307525539,/mnt/DP_disk2/lyan/hadoop/logs/chukwa/metrics/chukwa-lyan-mapred-1307525359830.log,mapred.shuffleOutput,sr215, cluster="chukwa",sr215,0,77.5,5927143095,1384
1307525549,/mnt/DP_disk2/lyan/hadoop/logs/chukwa/metrics/chukwa-lyan-mapred-1307525359830.log,mapred.shuffleOutput,sr215, cluster="chukwa",sr215,0,17.5,6301641292,1496
1307525559,/mnt/DP_disk2/lyan/hadoop/logs/chukwa/metrics/chukwa-lyan-mapred-1307525359830.log,mapred.shuffleOutput,sr215, cluster="chukwa",sr215,0,10,6616224316,1575
1307525569,/mnt/DP_disk2/lyan/hadoop/logs/chukwa/metrics/chukwa-lyan-mapred-1307525359830.log,mapred.shuffleOutput,sr215, cluster="chukwa",sr215,0,27.5,6858890257,1624
1307525579,/mnt/DP_disk2/lyan/hadoop/logs/chukwa/metrics/chukwa-lyan-mapred-1307525359830.log,mapred.shuffleOutput,sr215, cluster="chukwa",sr215,0,17.5,7560571729,1797
1307525589,/mnt/DP_disk2/lyan/hadoop/logs/chukwa/metrics/chukwa-lyan-mapred-1307525359830.log,mapred.shuffleOutput,sr215, cluster="chukwa",sr215,0,12.5,8356535394,1990
1307525599,/mnt/DP_disk2/lyan/hadoop/logs/chukwa/metrics/chukwa-lyan-mapred-1307525359830.log,mapred.shuffleOutput,sr215, cluster="chukwa",sr215,0,22.5,9005085717,2142
1307525609,/mnt/DP_disk2/lyan/hadoop/logs/chukwa/metrics/chukwa-lyan-mapred-1307525359830.log,mapred.shuffleOutput,sr215, cluster="chukwa",sr215,0,7.5000005,9803106460,2336
1307525619,/mnt/DP_disk2/lyan/hadoop/logs/chukwa/metrics/chukwa-lyan-mapred-1307525359830.log,mapred.shuffleOutput,sr215, cluster="chukwa",sr215,0,0,10372355670,2473
1307525629,/mnt/DP_disk2/lyan/hadoop/logs/chukwa/metrics/chukwa-lyan-mapred-1307525359830.log,mapred.shuffleOutput,sr215, cluster="chukwa",sr215,0,7.5000005,10625604271,2531
1307525639,/mnt/DP_disk2/lyan/hadoop/logs/chukwa/metrics/chukwa-lyan-mapred-1307525359830.log,mapred.shuffleOutput,sr215, cluster="chukwa",sr215,0,5,10689442734,2548
1307525649,/mnt/DP_disk2/lyan/hadoop/logs/chukwa/metrics/chukwa-lyan-mapred-1307525359830.log,mapred.shuffleOutput,sr215, cluster="chukwa",sr215,0,0,10719923751,2556
1307525659,/mnt/DP_disk2/lyan/hadoop/logs/chukwa/metrics/chukwa-lyan-mapred-1307525359830.log,mapred.shuffleOutput,sr215, cluster="chukwa",sr215,0,7.5000005,10744241527,2560
1307525669,/mnt/DP_disk2/lyan/hadoop/logs/chukwa/metrics/chukwa-lyan-mapred-1307525359830.log,mapred.shuffleOutput,sr215, cluster="chukwa",sr215,0,2.5,10847402649,2586
1307525679,/mnt/DP_disk2/lyan/hadoop/logs/chukwa/metrics/chukwa-lyan-mapred-1307525359830.log,mapred.shuffleOutput,sr215, cluster="chukwa",sr215,0,0,10857646112,2589
1307525689,/mnt/DP_disk2/lyan/hadoop/logs/chukwa/metrics/chukwa-lyan-mapred-1307525359830.log,mapred.shuffleOutput,sr215, cluster="chukwa",sr215,0,0,10870397945,2592
1307525699,/mnt/DP_disk2/lyan/hadoop/logs/chukwa/metrics/chukwa-lyan-mapred-1307525359830.log,mapred.shuffleOutput,sr215, cluster="chukwa",sr215,0,0,10870397945,2592
1307525709,/mnt/DP_disk2/lyan/hadoop/logs/chukwa/metrics/chukwa-lyan-mapred-1307525359830.log,mapred.shuffleOutput,sr215, cluster="chukwa",sr215,0,0,10870397945,2592
1307525719,/mnt/DP_disk2/lyan/hadoop/logs/chukwa/metrics/chukwa-lyan-mapred-1307525359830.log,mapred.shuffleOutput,sr215, cluster="chukwa",sr215,0,0,10870397945,2592
1307525729,/mnt/DP_disk2/lyan/hadoop/logs/chukwa/metrics/chukwa-lyan-mapred-1307525359830.log,mapred.shuffleOutput,sr215, cluster="chukwa",sr215,0,0,10870397945,2592
1307525739,/mnt/DP_disk2/lyan/hadoop/logs/chukwa/metrics/chukwa-lyan-mapred-1307525359830.log,mapred.shuffleOutput,sr215, cluster="chukwa",sr215,0,0,10870397945,2592
1307525749,/mnt/DP_disk2/lyan/hadoop/logs/chukwa/metrics/chukwa-lyan-mapred-1307525359830.log,mapred.shuffleOutput,sr215, cluster="chukwa",sr215,0,0,10870397945,2592
1307525759,/mnt/DP_disk2/lyan/hadoop/logs/chukwa/metrics/chukwa-lyan-mapred-1307525359830.log,mapred.shuffleOutput,sr215, cluster="chukwa",sr215,0,0,10870397945,2592
1307525769,/mnt/DP_disk2/lyan/hadoop/logs/chukwa/metrics/chukwa-lyan-mapred-1307525359830.log,mapred.shuffleOutput,sr215, cluster="chukwa",sr215,0,0,10870397945,2592
1307525779,/mnt/DP_disk2/lyan/hadoop/logs/chukwa/metrics/chukwa-lyan-mapred-1307525359830.log,mapred.shuffleOutput,sr215, cluster="chukwa",sr215,0,0,10870397945,2592
1307525789,/mnt/DP_disk2/lyan/hadoop/logs/chukwa/metrics/chukwa-lyan-mapred-1307525359830.log,mapred.shuffleOutput,sr215, cluster="chukwa",sr215,0,0,10870397945,2592
1307525799,/mnt/DP_disk2/lyan/hadoop/logs/chukwa/metrics/chukwa-lyan-mapred-1307525359830.log,mapred.shuffleOutput,sr215, cluster="chukwa",sr215,0,0,10870397945,2592
1307525809,/mnt/DP_disk2/lyan/hadoop/logs/chukwa/metrics/chukwa-lyan-mapred-1307525359830.log,mapred.shuffleOutput,sr215, cluster="chukwa",sr215,0,0,10870397945,2592
1307525819,/mnt/DP_disk2/lyan/hadoop/logs/chukwa/metrics/chukwa-lyan-mapred-1307525359830.log,mapred.shuffleOutput,sr215, cluster="chukwa",sr215,0,0,10870397945,2592
1307525829,/mnt/DP_disk2/lyan/hadoop/logs/chukwa/metrics/chukwa-lyan-mapred-1307525359830.log,mapred.shuffleOutput,sr215, cluster="chukwa",sr215,0,0,10870397945,2592
1307525839,/mnt/DP_disk2/lyan/hadoop/logs/chukwa/metrics/chukwa-lyan-mapred-1307525359830.log,mapred.shuffleOutput,sr215, cluster="chukwa",sr215,0,0,10870397945,2592
1307525849,/mnt/DP_disk2/lyan/hadoop/logs/chukwa/metrics/chukwa-lyan-mapred-1307525359830.log,mapred.shuffleOutput,sr215, cluster="chukwa",sr215,0,0,10870397945,2592
1307525859,/mnt/DP_disk2/lyan/hadoop/logs/chukwa/metrics/chukwa-lyan-mapred-1307525359830.log,mapred.shuffleOutput,sr215, cluster="chukwa",sr215,0,0,10870397945,2592
1307525869,/mnt/DP_disk2/lyan/hadoop/logs/chukwa/metrics/chukwa-lyan-mapred-1307525359830.log,mapred.shuffleOutput,sr215, cluster="chukwa",sr215,0,0,10870397945,2592
1307525879,/mnt/DP_disk2/lyan/hadoop/logs/chukwa/metrics/chukwa-lyan-mapred-1307525359830.log,mapred.shuffleOutput,sr215, cluster="chukwa",sr215,0,0,10870397945,2592
1307525889,/mnt/DP_disk2/lyan/hadoop/logs/chukwa/metrics/chukwa-lyan-mapred-1307525359830.log,mapred.shuffleOutput,sr215, cluster="chukwa",sr215,0,0,10870397945,2592
1307525899,/mnt/DP_disk2/lyan/hadoop/logs/chukwa/metrics/chukwa-lyan-mapred-1307525359830.log,mapred.shuffleOutput,sr215, cluster="chukwa",sr215,0,0,10870397945,2592
1307525909,/mnt/DP_disk2/lyan/hadoop/logs/chukwa/metrics/chukwa-lyan-mapred-1307525359830.log,mapred.shuffleOutput,sr215, cluster="chukwa",sr215,0,0,10870397945,2592
1307525919,/mnt/DP_disk2/lyan/hadoop/logs/chukwa/metrics/chukwa-lyan-mapred-1307525359830.log,mapred.shuffleOutput,sr215, cluster="chukwa",sr215,0,0,10870397945,2592
1307525929,/mnt/DP_disk2/lyan/hadoop/logs/chukwa/metrics/chukwa-lyan-mapred-1307525359830.log,mapred.shuffleOutput,sr215, cluster="chukwa",sr215,0,0,10870397945,2592
1307525939,/mnt/DP_disk2/lyan/hadoop/logs/chukwa/metrics/chukwa-lyan-mapred-1307525359830.log,mapred.shuffleOutput,sr215, cluster="chukwa",sr215,0,0,10870397945,2592
1307525949,/mnt/DP_disk2/lyan/hadoop/logs/chukwa/metrics/chukwa-lyan-mapred-1307525359830.log,mapred.shuffleOutput,sr215, cluster="chukwa",sr215,0,0,10870397945,2592
1307525959,/mnt/DP_disk2/lyan/hadoop/logs/chukwa/metrics/chukwa-lyan-mapred-1307525359830.log,mapred.shuffleOutput,sr215, cluster="chukwa",sr215,0,0,10870397945,2592
1307525969,/mnt/DP_disk2/lyan/hadoop/logs/chukwa/metrics/chukwa-lyan-mapred-1307525359830.log,mapred.shuffleOutput,sr215, cluster="chukwa",sr215,0,0,10870397945,2592
1307525979,/mnt/DP_disk2/lyan/hadoop/logs/chukwa/metrics/chukwa-lyan-mapred-1307525359830.log,mapred.shuffleOutput,sr215, cluster="chukwa",sr215,0,0,10870397945,2592
1307525989,/mnt/DP_disk2/lyan/hadoop/logs/chukwa/metrics/chukwa-lyan-mapred-1307525359830.log,mapred.shuffleOutput,sr215, cluster="chukwa",sr215,0,0,10870397945,2592
1307525999,/mnt/DP_disk2/lyan/hadoop/logs/chukwa/metrics/chukwa-lyan-mapred-1307525359830.log,mapred.shuffleOutput,sr215, cluster="chukwa",sr215,0,0,10870397945,2592
1307526009,/mnt/DP_disk2/lyan/hadoop/logs/chukwa/metrics/chukwa-lyan-mapred-1307525359830.log,mapred.shuffleOutput,sr215, cluster="chukwa",sr215,0,0,10870397945,2592
1307526019,/mnt/DP_disk2/lyan/hadoop/logs/chukwa/metrics/chukwa-lyan-mapred-1307525359830.log,mapred.shuffleOutput,sr215, cluster="chukwa",sr215,0,0,10870397945,2592
1307526029,/mnt/DP_disk2/lyan/hadoop/logs/chukwa/metrics/chukwa-lyan-mapred-1307525359830.log,mapred.shuffleOutput,sr215, cluster="chukwa",sr215,0,0,10870397945,2592
1307526039,/mnt/DP_disk2/lyan/hadoop/logs/chukwa/metrics/chukwa-lyan-mapred-1307525359830.log,mapred.shuffleOutput,sr215, cluster="chukwa",sr215,0,0,10870397945,2592
1307526049,/mnt/DP_disk2/lyan/hadoop/logs/chukwa/metrics/chukwa-lyan-mapred-1307525359830.log,mapred.shuffleOutput,sr215, cluster="chukwa",sr215,0,0,10870397945,2592
1307526059,/mnt/DP_disk2/lyan/hadoop/logs/chukwa/metrics/chukwa-lyan-mapred-1307525359830.log,mapred.shuffleOutput,sr215, cluster="chukwa",sr215,0,0,10870397945,2592
1307526069,/mnt/DP_disk2/lyan/hadoop/logs/chukwa/metrics/chukwa-lyan-mapred-1307525359830.log,mapred.shuffleOutput,sr215, cluster="chukwa",sr215,0,0,10870397945,2592
1307526079,/mnt/DP_disk2/lyan/hadoop/logs/chukwa/metrics/chukwa-lyan-mapred-1307525359830.log,mapred.shuffleOutput,sr215, cluster="chukwa",sr215,0,0,10870397945,2592
1307526089,/mnt/DP_disk2/lyan/hadoop/logs/chukwa/metrics/chukwa-lyan-mapred-1307525359830.log,mapred.shuffleOutput,sr215, cluster="chukwa",sr215,0,0,10870397945,2592
1307525439,/mnt/DP_disk2/lyan/hadoop/logs/chukwa/metrics/chukwa-lyan-mapred-1307525359861.log,mapred.shuffleOutput,sr216, cluster="chukwa",sr216,0,0,0,0
1307525449,/mnt/DP_disk2/lyan/hadoop/logs/chukwa/metrics/chukwa-lyan-mapred-1307525359861.log,mapred.shuffleOutput,sr216, cluster="chukwa",sr216,0,0,0,0
1307525459,/mnt/DP_disk2/lyan/hadoop/logs/chukwa/metrics/chukwa-lyan-mapred-1307525359861.log,mapred.shuffleOutput,sr216, cluster="chukwa",sr216,0,20,67942487,8
1307525469,/mnt/DP_disk2/lyan/hadoop/logs/chukwa/metrics/chukwa-lyan-mapred-1307525359861.log,mapred.shuffleOutput,sr216, cluster="chukwa",sr216,0,40,455064073,97
1307525479,/mnt/DP_disk2/lyan/hadoop/logs/chukwa/metrics/chukwa-lyan-mapred-1307525359861.log,mapred.shuffleOutput,sr216, cluster="chukwa",sr216,0,10,1432609638,335
1307525489,/mnt/DP_disk2/lyan/hadoop/logs/chukwa/metrics/chukwa-lyan-mapred-1307525359861.log,mapred.shuffleOutput,sr216, cluster="chukwa",sr216,0,17.5,2327211270,543
1307525499,/mnt/DP_disk2/lyan/hadoop/logs/chukwa/metrics/chukwa-lyan-mapred-1307525359861.log,mapred.shuffleOutput,sr216, cluster="chukwa",sr216,0,70,3018220847,710
1307525509,/mnt/DP_disk2/lyan/hadoop/logs/chukwa/metrics/chukwa-lyan-mapred-1307525359861.log,mapred.shuffleOutput,sr216, cluster="chukwa",sr216,0,80,3153256692,742
1307525519,/mnt/DP_disk2/lyan/hadoop/logs/chukwa/metrics/chukwa-lyan-mapred-1307525359861.log,mapred.shuffleOutput,sr216, cluster="chukwa",sr216,0,22.5,4054843814,953
1307525529,/mnt/DP_disk2/lyan/hadoop/logs/chukwa/metrics/chukwa-lyan-mapred-1307525359861.log,mapred.shuffleOutput,sr216, cluster="chukwa",sr216,0,50,4361981730,1031
1307525597,/mnt/DP_disk2/lyan/hadoop/logs/chukwa/metrics/chukwa-lyan-mapred-1307525359861.log,mapred.shuffleOutput,sr216, cluster="chukwa",sr216,0,70,4368666402,1031
1307525597,/mnt/DP_disk2/lyan/hadoop/logs/chukwa/metrics/chukwa-lyan-mapred-1307525359861.log,mapred.shuffleOutput,sr216, cluster="chukwa",sr216,0,70,4367945506,1031
1307525597,/mnt/DP_disk2/lyan/hadoop/logs/chukwa/metrics/chukwa-lyan-mapred-1307525359861.log,mapred.shuffleOutput,sr216, cluster="chukwa",sr216,0,72.5,4366503714,1031
1307525597,/mnt/DP_disk2/lyan/hadoop/logs/chukwa/metrics/chukwa-lyan-mapred-1307525359861.log,mapred.shuffleOutput,sr216, cluster="chukwa",sr216,0,75,4375023394,1031
1307525597,/mnt/DP_disk2/lyan/hadoop/logs/chukwa/metrics/chukwa-lyan-mapred-1307525359861.log,mapred.shuffleOutput,sr216, cluster="chukwa",sr216,0,75,4374892322,1031
1307525597,/mnt/DP_disk2/lyan/hadoop/logs/chukwa/metrics/chukwa-lyan-mapred-1307525359861.log,mapred.shuffleOutput,sr216, cluster="chukwa",sr216,0,75,4374892322,1031
1307525602,/mnt/DP_disk2/lyan/hadoop/logs/chukwa/metrics/chukwa-lyan-mapred-1307525359861.log,mapred.shuffleOutput,sr216, cluster="chukwa",sr216,0,50,4597371112,1077
1307525609,/mnt/DP_disk2/lyan/hadoop/logs/chukwa/metrics/chukwa-lyan-mapred-1307525359861.log,mapred.shuffleOutput,sr216, cluster="chukwa",sr216,0,45,5541423387,1306
1307525619,/mnt/DP_disk2/lyan/hadoop/logs/chukwa/metrics/chukwa-lyan-mapred-1307525359861.log,mapred.shuffleOutput,sr216, cluster="chukwa",sr216,0,45,6147456929,1447
1307525629,/mnt/DP_disk2/lyan/hadoop/logs/chukwa/metrics/chukwa-lyan-mapred-1307525359861.log,mapred.shuffleOutput,sr216, cluster="chukwa",sr216,0,45,6637645312,1566
1307525653,/mnt/DP_disk2/lyan/hadoop/logs/chukwa/metrics/chukwa-lyan-mapred-1307525359861.log,mapred.shuffleOutput,sr216, cluster="chukwa",sr216,0,47.5,6663362036,1576
1307525653,/mnt/DP_disk2/lyan/hadoop/logs/chukwa/metrics/chukwa-lyan-mapred-1307525359861.log,mapred.shuffleOutput,sr216, cluster="chukwa",sr216,0,47.5,6663362036,1576
1307525659,/mnt/DP_disk2/lyan/hadoop/logs/chukwa/metrics/chukwa-lyan-mapred-1307525359861.log,mapred.shuffleOutput,sr216, cluster="chukwa",sr216,0,22.5,7248988545,1717
1307525669,/mnt/DP_disk2/lyan/hadoop/logs/chukwa/metrics/chukwa-lyan-mapred-1307525359861.log,mapred.shuffleOutput,sr216, cluster="chukwa",sr216,0,10,7813601081,1854
1307525679,/mnt/DP_disk2/lyan/hadoop/logs/chukwa/metrics/chukwa-lyan-mapred-1307525359861.log,mapred.shuffleOutput,sr216, cluster="chukwa",sr216,0,2.5,8195393193,1947
1307525689,/mnt/DP_disk2/lyan/hadoop/logs/chukwa/metrics/chukwa-lyan-mapred-1307525359861.log,mapred.shuffleOutput,sr216, cluster="chukwa",sr216,0,0,8216705323,1952
1307525699,/mnt/DP_disk2/lyan/hadoop/logs/chukwa/metrics/chukwa-lyan-mapred-1307525359861.log,mapred.shuffleOutput,sr216, cluster="chukwa",sr216,0,0,8216705323,1952
1307525709,/mnt/DP_disk2/lyan/hadoop/logs/chukwa/metrics/chukwa-lyan-mapred-1307525359861.log,mapred.shuffleOutput,sr216, cluster="chukwa",sr216,0,0,8216705323,1952
1307525719,/mnt/DP_disk2/lyan/hadoop/logs/chukwa/metrics/chukwa-lyan-mapred-1307525359861.log,mapred.shuffleOutput,sr216, cluster="chukwa",sr216,0,0,8216705323,1952
1307525729,/mnt/DP_disk2/lyan/hadoop/logs/chukwa/metrics/chukwa-lyan-mapred-1307525359861.log,mapred.shuffleOutput,sr216, cluster="chukwa",sr216,0,0,8216705323,1952
1307525739,/mnt/DP_disk2/lyan/hadoop/logs/chukwa/metrics/chukwa-lyan-mapred-1307525359861.log,mapred.shuffleOutput,sr216, cluster="chukwa",sr216,0,0,8216705323,1952
1307525749,/mnt/DP_disk2/lyan/hadoop/logs/chukwa/metrics/chukwa-lyan-mapred-1307525359861.log,mapred.shuffleOutput,sr216, cluster="chukwa",sr216,0,0,8216705323,1952
1307525759,/mnt/DP_disk2/lyan/hadoop/logs/chukwa/metrics/chukwa-lyan-mapred-1307525359861.log,mapred.shuffleOutput,sr216, cluster="chukwa",sr216,0,0,8216705323,1952
1307525769,/mnt/DP_disk2/lyan/hadoop/logs/chukwa/metrics/chukwa-lyan-mapred-1307525359861.log,mapred.shuffleOutput,sr216, cluster="chukwa",sr216,0,0,8216705323,1952
1307525779,/mnt/DP_disk2/lyan/hadoop/logs/chukwa/metrics/chukwa-lyan-mapred-1307525359861.log,mapred.shuffleOutput,sr216, cluster="chukwa",sr216,0,0,8216705323,1952
1307525789,/mnt/DP_disk2/lyan/hadoop/logs/chukwa/metrics/chukwa-lyan-mapred-1307525359861.log,mapred.shuffleOutput,sr216, cluster="chukwa",sr216,0,0,8216705323,1952
1307525799,/mnt/DP_disk2/lyan/hadoop/logs/chukwa/metrics/chukwa-lyan-mapred-1307525359861.log,mapred.shuffleOutput,sr216, cluster="chukwa",sr216,0,0,8216705323,1952
1307525809,/mnt/DP_disk2/lyan/hadoop/logs/chukwa/metrics/chukwa-lyan-mapred-1307525359861.log,mapred.shuffleOutput,sr216, cluster="chukwa",sr216,0,0,8216705323,1952
1307525819,/mnt/DP_disk2/lyan/hadoop/logs/chukwa/metrics/chukwa-lyan-mapred-1307525359861.log,mapred.shuffleOutput,sr216, cluster="chukwa",sr216,0,0,8216705323,1952
1307525829,/mnt/DP_disk2/lyan/hadoop/logs/chukwa/metrics/chukwa-lyan-mapred-1307525359861.log,mapred.shuffleOutput,sr216, cluster="chukwa",sr216,0,0,8216705323,1952
1307525839,/mnt/DP_disk2/lyan/hadoop/logs/chukwa/metrics/chukwa-lyan-mapred-1307525359861.log,mapred.shuffleOutput,sr216, cluster="chukwa",sr216,0,0,8216705323,1952
1307525849,/mnt/DP_disk2/lyan/hadoop/logs/chukwa/metrics/chukwa-lyan-mapred-1307525359861.log,mapred.shuffleOutput,sr216, cluster="chukwa",sr216,0,0,8216705323,1952
1307525859,/mnt/DP_disk2/lyan/hadoop/logs/chukwa/metrics/chukwa-lyan-mapred-1307525359861.log,mapred.shuffleOutput,sr216, cluster="chukwa",sr216,0,0,8216705323,1952
1307525869,/mnt/DP_disk2/lyan/hadoop/logs/chukwa/metrics/chukwa-lyan-mapred-1307525359861.log,mapred.shuffleOutput,sr216, cluster="chukwa",sr216,0,0,8216705323,1952
1307525879,/mnt/DP_disk2/lyan/hadoop/logs/chukwa/metrics/chukwa-lyan-mapred-1307525359861.log,mapred.shuffleOutput,sr216, cluster="chukwa",sr216,0,0,8216705323,1952
1307525889,/mnt/DP_disk2/lyan/hadoop/logs/chukwa/metrics/chukwa-lyan-mapred-1307525359861.log,mapred.shuffleOutput,sr216, cluster="chukwa",sr216,0,0,8216705323,1952
1307525899,/mnt/DP_disk2/lyan/hadoop/logs/chukwa/metrics/chukwa-lyan-mapred-1307525359861.log,mapred.shuffleOutput,sr216, cluster="chukwa",sr216,0,0,8216705323,1952
1307525909,/mnt/DP_disk2/lyan/hadoop/logs/chukwa/metrics/chukwa-lyan-mapred-1307525359861.log,mapred.shuffleOutput,sr216, cluster="chukwa",sr216,0,0,8216705323,1952
1307525919,/mnt/DP_disk2/lyan/hadoop/logs/chukwa/metrics/chukwa-lyan-mapred-1307525359861.log,mapred.shuffleOutput,sr216, cluster="chukwa",sr216,0,0,8216705323,1952
1307525929,/mnt/DP_disk2/lyan/hadoop/logs/chukwa/metrics/chukwa-lyan-mapred-1307525359861.log,mapred.shuffleOutput,sr216, cluster="chukwa",sr216,0,0,8216705323,1952
1307525939,/mnt/DP_disk2/lyan/hadoop/logs/chukwa/metrics/chukwa-lyan-mapred-1307525359861.log,mapred.shuffleOutput,sr216, cluster="chukwa",sr216,0,0,8216705323,1952
1307525949,/mnt/DP_disk2/lyan/hadoop/logs/chukwa/metrics/chukwa-lyan-mapred-1307525359861.log,mapred.shuffleOutput,sr216, cluster="chukwa",sr216,0,0,8216705323,1952
1307525959,/mnt/DP_disk2/lyan/hadoop/logs/chukwa/metrics/chukwa-lyan-mapred-1307525359861.log,mapred.shuffleOutput,sr216, cluster="chukwa",sr216,0,0,8216705323,1952
1307525969,/mnt/DP_disk2/lyan/hadoop/logs/chukwa/metrics/chukwa-lyan-mapred-1307525359861.log,mapred.shuffleOutput,sr216, cluster="chukwa",sr216,0,0,8216705323,1952
1307525979,/mnt/DP_disk2/lyan/hadoop/logs/chukwa/metrics/chukwa-lyan-mapred-1307525359861.log,mapred.shuffleOutput,sr216, cluster="chukwa",sr216,0,0,8216705323,1952
1307525989,/mnt/DP_disk2/lyan/hadoop/logs/chukwa/metrics/chukwa-lyan-mapred-1307525359861.log,mapred.shuffleOutput,sr216, cluster="chukwa",sr216,0,0,8216705323,1952
1307525999,/mnt/DP_disk2/lyan/hadoop/logs/chukwa/metrics/chukwa-lyan-mapred-1307525359861.log,mapred.shuffleOutput,sr216, cluster="chukwa",sr216,0,0,8216705323,1952
1307526009,/mnt/DP_disk2/lyan/hadoop/logs/chukwa/metrics/chukwa-lyan-mapred-1307525359861.log,mapred.shuffleOutput,sr216, cluster="chukwa",sr216,0,0,8216705323,1952
1307526019,/mnt/DP_disk2/lyan/hadoop/logs/chukwa/metrics/chukwa-lyan-mapred-1307525359861.log,mapred.shuffleOutput,sr216, cluster="chukwa",sr216,0,0,8216705323,1952
1307526029,/mnt/DP_disk2/lyan/hadoop/logs/chukwa/metrics/chukwa-lyan-mapred-1307525359861.log,mapred.shuffleOutput,sr216, cluster="chukwa",sr216,0,0,8216705323,1952
1307526039,/mnt/DP_disk2/lyan/hadoop/logs/chukwa/metrics/chukwa-lyan-mapred-1307525359861.log,mapred.shuffleOutput,sr216, cluster="chukwa",sr216,0,0,8216705323,1952
1307526049,/mnt/DP_disk2/lyan/hadoop/logs/chukwa/metrics/chukwa-lyan-mapred-1307525359861.log,mapred.shuffleOutput,sr216, cluster="chukwa",sr216,0,0,8216705323,1952
1307526059,/mnt/DP_disk2/lyan/hadoop/logs/chukwa/metrics/chukwa-lyan-mapred-1307525359861.log,mapred.shuffleOutput,sr216, cluster="chukwa",sr216,0,0,8216705323,1952
1307526069,/mnt/DP_disk2/lyan/hadoop/logs/chukwa/metrics/chukwa-lyan-mapred-1307525359861.log,mapred.shuffleOutput,sr216, cluster="chukwa",sr216,0,0,8216705323,1952
1307526079,/mnt/DP_disk2/lyan/hadoop/logs/chukwa/metrics/chukwa-lyan-mapred-1307525359861.log,mapred.shuffleOutput,sr216, cluster="chukwa",sr216,0,0,8216705323,1952
1307526089,/mnt/DP_disk2/lyan/hadoop/logs/chukwa/metrics/chukwa-lyan-mapred-1307525359861.log,mapred.shuffleOutput,sr216, cluster="chukwa",sr216,0,0,8216705323,1952
1307525439,/mnt/DP_disk2/lyan/hadoop/logs/chukwa/metrics/chukwa-lyan-mapred-1307525359781.log,mapred.shuffleOutput,sr217, cluster="chukwa",sr217,0,0,0,0
1307525449,/mnt/DP_disk2/lyan/hadoop/logs/chukwa/metrics/chukwa-lyan-mapred-1307525359781.log,mapred.shuffleOutput,sr217, cluster="chukwa",sr217,0,0,0,0
1307525459,/mnt/DP_disk2/lyan/hadoop/logs/chukwa/metrics/chukwa-lyan-mapred-1307525359781.log,mapred.shuffleOutput,sr217, cluster="chukwa",sr217,0,20,56513388,6
1307525469,/mnt/DP_disk2/lyan/hadoop/logs/chukwa/metrics/chukwa-lyan-mapred-1307525359781.log,mapred.shuffleOutput,sr217, cluster="chukwa",sr217,0,97.5,523963450,84
1307525479,/mnt/DP_disk2/lyan/hadoop/logs/chukwa/metrics/chukwa-lyan-mapred-1307525359781.log,mapred.shuffleOutput,sr217, cluster="chukwa",sr217,0,97.5,1223555099,251
1307525489,/mnt/DP_disk2/lyan/hadoop/logs/chukwa/metrics/chukwa-lyan-mapred-1307525359781.log,mapred.shuffleOutput,sr217, cluster="chukwa",sr217,0,35,1782062394,414
1307525499,/mnt/DP_disk2/lyan/hadoop/logs/chukwa/metrics/chukwa-lyan-mapred-1307525359781.log,mapred.shuffleOutput,sr217, cluster="chukwa",sr217,0,97.5,2464707297,544
1307525509,/mnt/DP_disk2/lyan/hadoop/logs/chukwa/metrics/chukwa-lyan-mapred-1307525359781.log,mapred.shuffleOutput,sr217, cluster="chukwa",sr217,0,27.5,3459937621,816
1307525519,/mnt/DP_disk2/lyan/hadoop/logs/chukwa/metrics/chukwa-lyan-mapred-1307525359781.log,mapred.shuffleOutput,sr217, cluster="chukwa",sr217,0,67.5,4218678276,989
1307525529,/mnt/DP_disk2/lyan/hadoop/logs/chukwa/metrics/chukwa-lyan-mapred-1307525359781.log,mapred.shuffleOutput,sr217, cluster="chukwa",sr217,0,7.5000005,5028002331,1194
1307525539,/mnt/DP_disk2/lyan/hadoop/logs/chukwa/metrics/chukwa-lyan-mapred-1307525359781.log,mapred.shuffleOutput,sr217, cluster="chukwa",sr217,0,22.5,5764321988,1368
1307525549,/mnt/DP_disk2/lyan/hadoop/logs/chukwa/metrics/chukwa-lyan-mapred-1307525359781.log,mapred.shuffleOutput,sr217, cluster="chukwa",sr217,0,97.5,6135680534,1431
1307525559,/mnt/DP_disk2/lyan/hadoop/logs/chukwa/metrics/chukwa-lyan-mapred-1307525359781.log,mapred.shuffleOutput,sr217, cluster="chukwa",sr217,0,40,6511137528,1538
1307525569,/mnt/DP_disk2/lyan/hadoop/logs/chukwa/metrics/chukwa-lyan-mapred-1307525359781.log,mapred.shuffleOutput,sr217, cluster="chukwa",sr217,0,40,7080751734,1670
1307525579,/mnt/DP_disk2/lyan/hadoop/logs/chukwa/metrics/chukwa-lyan-mapred-1307525359781.log,mapred.shuffleOutput,sr217, cluster="chukwa",sr217,0,47.5,7885777832,1859
1307525589,/mnt/DP_disk2/lyan/hadoop/logs/chukwa/metrics/chukwa-lyan-mapred-1307525359781.log,mapred.shuffleOutput,sr217, cluster="chukwa",sr217,0,17.5,8703502208,2068
1307525599,/mnt/DP_disk2/lyan/hadoop/logs/chukwa/metrics/chukwa-lyan-mapred-1307525359781.log,mapred.shuffleOutput,sr217, cluster="chukwa",sr217,0,15.000001,9664474809,2298
1307525609,/mnt/DP_disk2/lyan/hadoop/logs/chukwa/metrics/chukwa-lyan-mapred-1307525359781.log,mapred.shuffleOutput,sr217, cluster="chukwa",sr217,0,12.5,10626729657,2529
1307525619,/mnt/DP_disk2/lyan/hadoop/logs/chukwa/metrics/chukwa-lyan-mapred-1307525359781.log,mapred.shuffleOutput,sr217, cluster="chukwa",sr217,0,10,11474643195,2732
1307525629,/mnt/DP_disk2/lyan/hadoop/logs/chukwa/metrics/chukwa-lyan-mapred-1307525359781.log,mapred.shuffleOutput,sr217, cluster="chukwa",sr217,0,2.5,11577379172,2758
1307525639,/mnt/DP_disk2/lyan/hadoop/logs/chukwa/metrics/chukwa-lyan-mapred-1307525359781.log,mapred.shuffleOutput,sr217, cluster="chukwa",sr217,0,2.5,11625760249,2769
1307525649,/mnt/DP_disk2/lyan/hadoop/logs/chukwa/metrics/chukwa-lyan-mapred-1307525359781.log,mapred.shuffleOutput,sr217, cluster="chukwa",sr217,0,2.5,11662078995,2778
1307525659,/mnt/DP_disk2/lyan/hadoop/logs/chukwa/metrics/chukwa-lyan-mapred-1307525359781.log,mapred.shuffleOutput,sr217, cluster="chukwa",sr217,0,5,11677209204,2781
1307525669,/mnt/DP_disk2/lyan/hadoop/logs/chukwa/metrics/chukwa-lyan-mapred-1307525359781.log,mapred.shuffleOutput,sr217, cluster="chukwa",sr217,0,2.5,11881536673,2831
1307525679,/mnt/DP_disk2/lyan/hadoop/logs/chukwa/metrics/chukwa-lyan-mapred-1307525359781.log,mapred.shuffleOutput,sr217, cluster="chukwa",sr217,0,2.5,11886658108,2832
1307525689,/mnt/DP_disk2/lyan/hadoop/logs/chukwa/metrics/chukwa-lyan-mapred-1307525359781.log,mapred.shuffleOutput,sr217, cluster="chukwa",sr217,0,2.5,11895746940,2834
1307525699,/mnt/DP_disk2/lyan/hadoop/logs/chukwa/metrics/chukwa-lyan-mapred-1307525359781.log,mapred.shuffleOutput,sr217, cluster="chukwa",sr217,0,0,11952135634,2848
1307525709,/mnt/DP_disk2/lyan/hadoop/logs/chukwa/metrics/chukwa-lyan-mapred-1307525359781.log,mapred.shuffleOutput,sr217, cluster="chukwa",sr217,0,0,11952135634,2848
1307525719,/mnt/DP_disk2/lyan/hadoop/logs/chukwa/metrics/chukwa-lyan-mapred-1307525359781.log,mapred.shuffleOutput,sr217, cluster="chukwa",sr217,0,0,11952135634,2848
1307525729,/mnt/DP_disk2/lyan/hadoop/logs/chukwa/metrics/chukwa-lyan-mapred-1307525359781.log,mapred.shuffleOutput,sr217, cluster="chukwa",sr217,0,0,11952135634,2848
1307525739,/mnt/DP_disk2/lyan/hadoop/logs/chukwa/metrics/chukwa-lyan-mapred-1307525359781.log,mapred.shuffleOutput,sr217, cluster="chukwa",sr217,0,0,11952135634,2848
1307525749,/mnt/DP_disk2/lyan/hadoop/logs/chukwa/metrics/chukwa-lyan-mapred-1307525359781.log,mapred.shuffleOutput,sr217, cluster="chukwa",sr217,0,0,11952135634,2848
1307525759,/mnt/DP_disk2/lyan/hadoop/logs/chukwa/metrics/chukwa-lyan-mapred-1307525359781.log,mapred.shuffleOutput,sr217, cluster="chukwa",sr217,0,0,11952135634,2848
1307525769,/mnt/DP_disk2/lyan/hadoop/logs/chukwa/metrics/chukwa-lyan-mapred-1307525359781.log,mapred.shuffleOutput,sr217, cluster="chukwa",sr217,0,0,11952135634,2848
1307525779,/mnt/DP_disk2/lyan/hadoop/logs/chukwa/metrics/chukwa-lyan-mapred-1307525359781.log,mapred.shuffleOutput,sr217, cluster="chukwa",sr217,0,0,11952135634,2848
1307525789,/mnt/DP_disk2/lyan/hadoop/logs/chukwa/metrics/chukwa-lyan-mapred-1307525359781.log,mapred.shuffleOutput,sr217, cluster="chukwa",sr217,0,0,11952135634,2848
1307525799,/mnt/DP_disk2/lyan/hadoop/logs/chukwa/metrics/chukwa-lyan-mapred-1307525359781.log,mapred.shuffleOutput,sr217, cluster="chukwa",sr217,0,0,11952135634,2848
1307525809,/mnt/DP_disk2/lyan/hadoop/logs/chukwa/metrics/chukwa-lyan-mapred-1307525359781.log,mapred.shuffleOutput,sr217, cluster="chukwa",sr217,0,0,11952135634,2848
1307525819,/mnt/DP_disk2/lyan/hadoop/logs/chukwa/metrics/chukwa-lyan-mapred-1307525359781.log,mapred.shuffleOutput,sr217, cluster="chukwa",sr217,0,0,11952135634,2848
1307525829,/mnt/DP_disk2/lyan/hadoop/logs/chukwa/metrics/chukwa-lyan-mapred-1307525359781.log,mapred.shuffleOutput,sr217, cluster="chukwa",sr217,0,0,11952135634,2848
1307525839,/mnt/DP_disk2/lyan/hadoop/logs/chukwa/metrics/chukwa-lyan-mapred-1307525359781.log,mapred.shuffleOutput,sr217, cluster="chukwa",sr217,0,0,11952135634,2848
1307525849,/mnt/DP_disk2/lyan/hadoop/logs/chukwa/metrics/chukwa-lyan-mapred-1307525359781.log,mapred.shuffleOutput,sr217, cluster="chukwa",sr217,0,0,11952135634,2848
1307525859,/mnt/DP_disk2/lyan/hadoop/logs/chukwa/metrics/chukwa-lyan-mapred-1307525359781.log,mapred.shuffleOutput,sr217, cluster="chukwa",sr217,0,0,11952135634,2848
1307525869,/mnt/DP_disk2/lyan/hadoop/logs/chukwa/metrics/chukwa-lyan-mapred-1307525359781.log,mapred.shuffleOutput,sr217, cluster="chukwa",sr217,0,0,11952135634,2848
1307525879,/mnt/DP_disk2/lyan/hadoop/logs/chukwa/metrics/chukwa-lyan-mapred-1307525359781.log,mapred.shuffleOutput,sr217, cluster="chukwa",sr217,0,0,11952135634,2848
1307525889,/mnt/DP_disk2/lyan/hadoop/logs/chukwa/metrics/chukwa-lyan-mapred-1307525359781.log,mapred.shuffleOutput,sr217, cluster="chukwa",sr217,0,0,11952135634,2848
1307525899,/mnt/DP_disk2/lyan/hadoop/logs/chukwa/metrics/chukwa-lyan-mapred-1307525359781.log,mapred.shuffleOutput,sr217, cluster="chukwa",sr217,0,0,11952135634,2848
1307525909,/mnt/DP_disk2/lyan/hadoop/logs/chukwa/metrics/chukwa-lyan-mapred-1307525359781.log,mapred.shuffleOutput,sr217, cluster="chukwa",sr217,0,0,11952135634,2848
1307525919,/mnt/DP_disk2/lyan/hadoop/logs/chukwa/metrics/chukwa-lyan-mapred-1307525359781.log,mapred.shuffleOutput,sr217, cluster="chukwa",sr217,0,0,11952135634,2848
1307525929,/mnt/DP_disk2/lyan/hadoop/logs/chukwa/metrics/chukwa-lyan-mapred-1307525359781.log,mapred.shuffleOutput,sr217, cluster="chukwa",sr217,0,0,11952135634,2848
1307525939,/mnt/DP_disk2/lyan/hadoop/logs/chukwa/metrics/chukwa-lyan-mapred-1307525359781.log,mapred.shuffleOutput,sr217, cluster="chukwa",sr217,0,0,11952135634,2848
1307525949,/mnt/DP_disk2/lyan/hadoop/logs/chukwa/metrics/chukwa-lyan-mapred-1307525359781.log,mapred.shuffleOutput,sr217, cluster="chukwa",sr217,0,0,11952135634,2848
1307525959,/mnt/DP_disk2/lyan/hadoop/logs/chukwa/metrics/chukwa-lyan-mapred-1307525359781.log,mapred.shuffleOutput,sr217, cluster="chukwa",sr217,0,0,11952135634,2848
1307525969,/mnt/DP_disk2/lyan/hadoop/logs/chukwa/metrics/chukwa-lyan-mapred-1307525359781.log,mapred.shuffleOutput,sr217, cluster="chukwa",sr217,0,0,11952135634,2848
1307525979,/mnt/DP_disk2/lyan/hadoop/logs/chukwa/metrics/chukwa-lyan-mapred-1307525359781.log,mapred.shuffleOutput,sr217, cluster="chukwa",sr217,0,0,11952135634,2848
1307525989,/mnt/DP_disk2/lyan/hadoop/logs/chukwa/metrics/chukwa-lyan-mapred-1307525359781.log,mapred.shuffleOutput,sr217, cluster="chukwa",sr217,0,0,11952135634,2848
1307525999,/mnt/DP_disk2/lyan/hadoop/logs/chukwa/metrics/chukwa-lyan-mapred-1307525359781.log,mapred.shuffleOutput,sr217, cluster="chukwa",sr217,0,0,11952135634,2848
1307526009,/mnt/DP_disk2/lyan/hadoop/logs/chukwa/metrics/chukwa-lyan-mapred-1307525359781.log,mapred.shuffleOutput,sr217, cluster="chukwa",sr217,0,0,11952135634,2848
1307526019,/mnt/DP_disk2/lyan/hadoop/logs/chukwa/metrics/chukwa-lyan-mapred-1307525359781.log,mapred.shuffleOutput,sr217, cluster="chukwa",sr217,0,0,11952135634,2848
1307526029,/mnt/DP_disk2/lyan/hadoop/logs/chukwa/metrics/chukwa-lyan-mapred-1307525359781.log,mapred.shuffleOutput,sr217, cluster="chukwa",sr217,0,0,11952135634,2848
1307526039,/mnt/DP_disk2/lyan/hadoop/logs/chukwa/metrics/chukwa-lyan-mapred-1307525359781.log,mapred.shuffleOutput,sr217, cluster="chukwa",sr217,0,0,11952135634,2848
1307526049,/mnt/DP_disk2/lyan/hadoop/logs/chukwa/metrics/chukwa-lyan-mapred-1307525359781.log,mapred.shuffleOutput,sr217, cluster="chukwa",sr217,0,0,11952135634,2848
1307526059,/mnt/DP_disk2/lyan/hadoop/logs/chukwa/metrics/chukwa-lyan-mapred-1307525359781.log,mapred.shuffleOutput,sr217, cluster="chukwa",sr217,0,0,11952135634,2848
1307526069,/mnt/DP_disk2/lyan/hadoop/logs/chukwa/metrics/chukwa-lyan-mapred-1307525359781.log,mapred.shuffleOutput,sr217, cluster="chukwa",sr217,0,0,11952135634,2848
1307526079,/mnt/DP_disk2/lyan/hadoop/logs/chukwa/metrics/chukwa-lyan-mapred-1307525359781.log,mapred.shuffleOutput,sr217, cluster="chukwa",sr217,0,0,11952135634,2848
1307526089,/mnt/DP_disk2/lyan/hadoop/logs/chukwa/metrics/chukwa-lyan-mapred-1307525359781.log,mapred.shuffleOutput,sr217, cluster="chukwa",sr217,0,0,11952135634,2848
1307525430,/mnt/DP_disk2/lyan/hadoop/logs/chukwa/metrics/chukwa-lyan-mapred-1307525360133.log,mapred.shuffleOutput,sr218, cluster="chukwa",sr218,0,0,0,0
1307525440,/mnt/DP_disk2/lyan/hadoop/logs/chukwa/metrics/chukwa-lyan-mapred-1307525360133.log,mapred.shuffleOutput,sr218, cluster="chukwa",sr218,0,0,0,0
1307525450,/mnt/DP_disk2/lyan/hadoop/logs/chukwa/metrics/chukwa-lyan-mapred-1307525360133.log,mapred.shuffleOutput,sr218, cluster="chukwa",sr218,0,0,0,0
1307525460,/mnt/DP_disk2/lyan/hadoop/logs/chukwa/metrics/chukwa-lyan-mapred-1307525360133.log,mapred.shuffleOutput,sr218, cluster="chukwa",sr218,0,0,0,0
1307525470,/mnt/DP_disk2/lyan/hadoop/logs/chukwa/metrics/chukwa-lyan-mapred-1307525360133.log,mapred.shuffleOutput,sr218, cluster="chukwa",sr218,0,25,370458654,87
1307525480,/mnt/DP_disk2/lyan/hadoop/logs/chukwa/metrics/chukwa-lyan-mapred-1307525360133.log,mapred.shuffleOutput,sr218, cluster="chukwa",sr218,0,0,1257547717,300
1307525490,/mnt/DP_disk2/lyan/hadoop/logs/chukwa/metrics/chukwa-lyan-mapred-1307525360133.log,mapred.shuffleOutput,sr218, cluster="chukwa",sr218,0,27.5,2128257086,503
1307525500,/mnt/DP_disk2/lyan/hadoop/logs/chukwa/metrics/chukwa-lyan-mapred-1307525360133.log,mapred.shuffleOutput,sr218, cluster="chukwa",sr218,0,12.5,3036970917,723
1307525510,/mnt/DP_disk2/lyan/hadoop/logs/chukwa/metrics/chukwa-lyan-mapred-1307525360133.log,mapred.shuffleOutput,sr218, cluster="chukwa",sr218,0,37.5,4015333883,952
1307525520,/mnt/DP_disk2/lyan/hadoop/logs/chukwa/metrics/chukwa-lyan-mapred-1307525360133.log,mapred.shuffleOutput,sr218, cluster="chukwa",sr218,0,95,4836355863,1117
1307525530,/mnt/DP_disk2/lyan/hadoop/logs/chukwa/metrics/chukwa-lyan-mapred-1307525360133.log,mapred.shuffleOutput,sr218, cluster="chukwa",sr218,0,95,4844269642,1119
1307525540,/mnt/DP_disk2/lyan/hadoop/logs/chukwa/metrics/chukwa-lyan-mapred-1307525360133.log,mapred.shuffleOutput,sr218, cluster="chukwa",sr218,0,22.5,5123003363,1221
1307525550,/mnt/DP_disk2/lyan/hadoop/logs/chukwa/metrics/chukwa-lyan-mapred-1307525360133.log,mapred.shuffleOutput,sr218, cluster="chukwa",sr218,0,27.5,5449178774,1296
1307525560,/mnt/DP_disk2/lyan/hadoop/logs/chukwa/metrics/chukwa-lyan-mapred-1307525360133.log,mapred.shuffleOutput,sr218, cluster="chukwa",sr218,0,12.5,5747793410,1372
1307525570,/mnt/DP_disk2/lyan/hadoop/logs/chukwa/metrics/chukwa-lyan-mapred-1307525360133.log,mapred.shuffleOutput,sr218, cluster="chukwa",sr218,0,27.5,6268533884,1465
1307525580,/mnt/DP_disk2/lyan/hadoop/logs/chukwa/metrics/chukwa-lyan-mapred-1307525360133.log,mapred.shuffleOutput,sr218, cluster="chukwa",sr218,0,17.5,6886606867,1641
1307525590,/mnt/DP_disk2/lyan/hadoop/logs/chukwa/metrics/chukwa-lyan-mapred-1307525360133.log,mapred.shuffleOutput,sr218, cluster="chukwa",sr218,0,5,7445401814,1779
1307525600,/mnt/DP_disk2/lyan/hadoop/logs/chukwa/metrics/chukwa-lyan-mapred-1307525360133.log,mapred.shuffleOutput,sr218, cluster="chukwa",sr218,0,15.000001,7864186492,1876
1307525610,/mnt/DP_disk2/lyan/hadoop/logs/chukwa/metrics/chukwa-lyan-mapred-1307525360133.log,mapred.shuffleOutput,sr218, cluster="chukwa",sr218,0,5,8324801463,1987
1307525620,/mnt/DP_disk2/lyan/hadoop/logs/chukwa/metrics/chukwa-lyan-mapred-1307525360133.log,mapred.shuffleOutput,sr218, cluster="chukwa",sr218,0,7.5000005,8596334393,2052
1307525630,/mnt/DP_disk2/lyan/hadoop/logs/chukwa/metrics/chukwa-lyan-mapred-1307525360133.log,mapred.shuffleOutput,sr218, cluster="chukwa",sr218,0,2.5,8630676358,2061
1307525640,/mnt/DP_disk2/lyan/hadoop/logs/chukwa/metrics/chukwa-lyan-mapred-1307525360133.log,mapred.shuffleOutput,sr218, cluster="chukwa",sr218,0,2.5,8697550834,2077
1307525650,/mnt/DP_disk2/lyan/hadoop/logs/chukwa/metrics/chukwa-lyan-mapred-1307525360133.log,mapred.shuffleOutput,sr218, cluster="chukwa",sr218,0,2.5,8722510374,2083
1307525660,/mnt/DP_disk2/lyan/hadoop/logs/chukwa/metrics/chukwa-lyan-mapred-1307525360133.log,mapred.shuffleOutput,sr218, cluster="chukwa",sr218,0,2.5,8739044921,2087
1307525670,/mnt/DP_disk2/lyan/hadoop/logs/chukwa/metrics/chukwa-lyan-mapred-1307525360133.log,mapred.shuffleOutput,sr218, cluster="chukwa",sr218,0,0,8975330362,2144
1307525680,/mnt/DP_disk2/lyan/hadoop/logs/chukwa/metrics/chukwa-lyan-mapred-1307525360133.log,mapred.shuffleOutput,sr218, cluster="chukwa",sr218,0,0,8975330362,2144
1307525690,/mnt/DP_disk2/lyan/hadoop/logs/chukwa/metrics/chukwa-lyan-mapred-1307525360133.log,mapred.shuffleOutput,sr218, cluster="chukwa",sr218,0,0,8975330362,2144
1307525700,/mnt/DP_disk2/lyan/hadoop/logs/chukwa/metrics/chukwa-lyan-mapred-1307525360133.log,mapred.shuffleOutput,sr218, cluster="chukwa",sr218,0,0,8975330362,2144
1307525710,/mnt/DP_disk2/lyan/hadoop/logs/chukwa/metrics/chukwa-lyan-mapred-1307525360133.log,mapred.shuffleOutput,sr218, cluster="chukwa",sr218,0,0,8975330362,2144
1307525720,/mnt/DP_disk2/lyan/hadoop/logs/chukwa/metrics/chukwa-lyan-mapred-1307525360133.log,mapred.shuffleOutput,sr218, cluster="chukwa",sr218,0,0,8975330362,2144
1307525730,/mnt/DP_disk2/lyan/hadoop/logs/chukwa/metrics/chukwa-lyan-mapred-1307525360133.log,mapred.shuffleOutput,sr218, cluster="chukwa",sr218,0,0,8975330362,2144
1307525740,/mnt/DP_disk2/lyan/hadoop/logs/chukwa/metrics/chukwa-lyan-mapred-1307525360133.log,mapred.shuffleOutput,sr218, cluster="chukwa",sr218,0,0,8975330362,2144
1307525750,/mnt/DP_disk2/lyan/hadoop/logs/chukwa/metrics/chukwa-lyan-mapred-1307525360133.log,mapred.shuffleOutput,sr218, cluster="chukwa",sr218,0,0,8975330362,2144
1307525760,/mnt/DP_disk2/lyan/hadoop/logs/chukwa/metrics/chukwa-lyan-mapred-1307525360133.log,mapred.shuffleOutput,sr218, cluster="chukwa",sr218,0,0,8975330362,2144
1307525770,/mnt/DP_disk2/lyan/hadoop/logs/chukwa/metrics/chukwa-lyan-mapred-1307525360133.log,mapred.shuffleOutput,sr218, cluster="chukwa",sr218,0,0,8975330362,2144
1307525780,/mnt/DP_disk2/lyan/hadoop/logs/chukwa/metrics/chukwa-lyan-mapred-1307525360133.log,mapred.shuffleOutput,sr218, cluster="chukwa",sr218,0,0,8975330362,2144
1307525790,/mnt/DP_disk2/lyan/hadoop/logs/chukwa/metrics/chukwa-lyan-mapred-1307525360133.log,mapred.shuffleOutput,sr218, cluster="chukwa",sr218,0,0,8975330362,2144
1307525800,/mnt/DP_disk2/lyan/hadoop/logs/chukwa/metrics/chukwa-lyan-mapred-1307525360133.log,mapred.shuffleOutput,sr218, cluster="chukwa",sr218,0,0,8975330362,2144
1307525810,/mnt/DP_disk2/lyan/hadoop/logs/chukwa/metrics/chukwa-lyan-mapred-1307525360133.log,mapred.shuffleOutput,sr218, cluster="chukwa",sr218,0,0,8975330362,2144
1307525820,/mnt/DP_disk2/lyan/hadoop/logs/chukwa/metrics/chukwa-lyan-mapred-1307525360133.log,mapred.shuffleOutput,sr218, cluster="chukwa",sr218,0,0,8975330362,2144
1307525830,/mnt/DP_disk2/lyan/hadoop/logs/chukwa/metrics/chukwa-lyan-mapred-1307525360133.log,mapred.shuffleOutput,sr218, cluster="chukwa",sr218,0,0,8975330362,2144
1307525840,/mnt/DP_disk2/lyan/hadoop/logs/chukwa/metrics/chukwa-lyan-mapred-1307525360133.log,mapred.shuffleOutput,sr218, cluster="chukwa",sr218,0,0,8975330362,2144
1307525850,/mnt/DP_disk2/lyan/hadoop/logs/chukwa/metrics/chukwa-lyan-mapred-1307525360133.log,mapred.shuffleOutput,sr218, cluster="chukwa",sr218,0,0,8975330362,2144
1307525860,/mnt/DP_disk2/lyan/hadoop/logs/chukwa/metrics/chukwa-lyan-mapred-1307525360133.log,mapred.shuffleOutput,sr218, cluster="chukwa",sr218,0,0,8975330362,2144
1307525870,/mnt/DP_disk2/lyan/hadoop/logs/chukwa/metrics/chukwa-lyan-mapred-1307525360133.log,mapred.shuffleOutput,sr218, cluster="chukwa",sr218,0,0,8975330362,2144
1307525880,/mnt/DP_disk2/lyan/hadoop/logs/chukwa/metrics/chukwa-lyan-mapred-1307525360133.log,mapred.shuffleOutput,sr218, cluster="chukwa",sr218,0,0,8975330362,2144
1307525890,/mnt/DP_disk2/lyan/hadoop/logs/chukwa/metrics/chukwa-lyan-mapred-1307525360133.log,mapred.shuffleOutput,sr218, cluster="chukwa",sr218,0,0,8975330362,2144
1307525900,/mnt/DP_disk2/lyan/hadoop/logs/chukwa/metrics/chukwa-lyan-mapred-1307525360133.log,mapred.shuffleOutput,sr218, cluster="chukwa",sr218,0,0,8975330362,2144
1307525910,/mnt/DP_disk2/lyan/hadoop/logs/chukwa/metrics/chukwa-lyan-mapred-1307525360133.log,mapred.shuffleOutput,sr218, cluster="chukwa",sr218,0,0,8975330362,2144
1307525920,/mnt/DP_disk2/lyan/hadoop/logs/chukwa/metrics/chukwa-lyan-mapred-1307525360133.log,mapred.shuffleOutput,sr218, cluster="chukwa",sr218,0,0,8975330362,2144
1307525930,/mnt/DP_disk2/lyan/hadoop/logs/chukwa/metrics/chukwa-lyan-mapred-1307525360133.log,mapred.shuffleOutput,sr218, cluster="chukwa",sr218,0,0,8975330362,2144
1307525940,/mnt/DP_disk2/lyan/hadoop/logs/chukwa/metrics/chukwa-lyan-mapred-1307525360133.log,mapred.shuffleOutput,sr218, cluster="chukwa",sr218,0,0,8975330362,2144
1307525950,/mnt/DP_disk2/lyan/hadoop/logs/chukwa/metrics/chukwa-lyan-mapred-1307525360133.log,mapred.shuffleOutput,sr218, cluster="chukwa",sr218,0,0,8975330362,2144
1307525960,/mnt/DP_disk2/lyan/hadoop/logs/chukwa/metrics/chukwa-lyan-mapred-1307525360133.log,mapred.shuffleOutput,sr218, cluster="chukwa",sr218,0,0,8975330362,2144
1307525970,/mnt/DP_disk2/lyan/hadoop/logs/chukwa/metrics/chukwa-lyan-mapred-1307525360133.log,mapred.shuffleOutput,sr218, cluster="chukwa",sr218,0,0,8975330362,2144
1307525980,/mnt/DP_disk2/lyan/hadoop/logs/chukwa/metrics/chukwa-lyan-mapred-1307525360133.log,mapred.shuffleOutput,sr218, cluster="chukwa",sr218,0,0,8975330362,2144
1307525990,/mnt/DP_disk2/lyan/hadoop/logs/chukwa/metrics/chukwa-lyan-mapred-1307525360133.log,mapred.shuffleOutput,sr218, cluster="chukwa",sr218,0,0,8975330362,2144
1307526000,/mnt/DP_disk2/lyan/hadoop/logs/chukwa/metrics/chukwa-lyan-mapred-1307525360133.log,mapred.shuffleOutput,sr218, cluster="chukwa",sr218,0,0,8975330362,2144
1307526010,/mnt/DP_disk2/lyan/hadoop/logs/chukwa/metrics/chukwa-lyan-mapred-1307525360133.log,mapred.shuffleOutput,sr218, cluster="chukwa",sr218,0,0,8975330362,2144
1307526020,/mnt/DP_disk2/lyan/hadoop/logs/chukwa/metrics/chukwa-lyan-mapred-1307525360133.log,mapred.shuffleOutput,sr218, cluster="chukwa",sr218,0,0,8975330362,2144
1307526030,/mnt/DP_disk2/lyan/hadoop/logs/chukwa/metrics/chukwa-lyan-mapred-1307525360133.log,mapred.shuffleOutput,sr218, cluster="chukwa",sr218,0,0,8975330362,2144
1307526040,/mnt/DP_disk2/lyan/hadoop/logs/chukwa/metrics/chukwa-lyan-mapred-1307525360133.log,mapred.shuffleOutput,sr218, cluster="chukwa",sr218,0,0,8975330362,2144
1307526050,/mnt/DP_disk2/lyan/hadoop/logs/chukwa/metrics/chukwa-lyan-mapred-1307525360133.log,mapred.shuffleOutput,sr218, cluster="chukwa",sr218,0,0,8975330362,2144
1307526060,/mnt/DP_disk2/lyan/hadoop/logs/chukwa/metrics/chukwa-lyan-mapred-1307525360133.log,mapred.shuffleOutput,sr218, cluster="chukwa",sr218,0,0,8975330362,2144
1307526070,/mnt/DP_disk2/lyan/hadoop/logs/chukwa/metrics/chukwa-lyan-mapred-1307525360133.log,mapred.shuffleOutput,sr218, cluster="chukwa",sr218,0,0,8975330362,2144
1307526080,/mnt/DP_disk2/lyan/hadoop/logs/chukwa/metrics/chukwa-lyan-mapred-1307525360133.log,mapred.shuffleOutput,sr218, cluster="chukwa",sr218,0,0,8975330362,2144
1307526090,/mnt/DP_disk2/lyan/hadoop/logs/chukwa/metrics/chukwa-lyan-mapred-1307525360133.log,mapred.shuffleOutput,sr218, cluster="chukwa",sr218,0,0,8975330362,2144
1307525439,/mnt/DP_disk2/lyan/hadoop/logs/chukwa/metrics/chukwa-lyan-mapred-1307525359853.log,mapred.shuffleOutput,sr219, cluster="chukwa",sr219,0,0,0,0
1307525449,/mnt/DP_disk2/lyan/hadoop/logs/chukwa/metrics/chukwa-lyan-mapred-1307525359853.log,mapred.shuffleOutput,sr219, cluster="chukwa",sr219,0,0,0,0
1307525459,/mnt/DP_disk2/lyan/hadoop/logs/chukwa/metrics/chukwa-lyan-mapred-1307525359853.log,mapred.shuffleOutput,sr219, cluster="chukwa",sr219,0,5,54565536,12
1307525469,/mnt/DP_disk2/lyan/hadoop/logs/chukwa/metrics/chukwa-lyan-mapred-1307525359853.log,mapred.shuffleOutput,sr219, cluster="chukwa",sr219,0,45,559092618,118
1307525479,/mnt/DP_disk2/lyan/hadoop/logs/chukwa/metrics/chukwa-lyan-mapred-1307525359853.log,mapred.shuffleOutput,sr219, cluster="chukwa",sr219,0,17.5,1555282809,371
1307525489,/mnt/DP_disk2/lyan/hadoop/logs/chukwa/metrics/chukwa-lyan-mapred-1307525359853.log,mapred.shuffleOutput,sr219, cluster="chukwa",sr219,0,40,2488641166,584
1307525499,/mnt/DP_disk2/lyan/hadoop/logs/chukwa/metrics/chukwa-lyan-mapred-1307525359853.log,mapred.shuffleOutput,sr219, cluster="chukwa",sr219,0,12.5,3513629554,837
1307525509,/mnt/DP_disk2/lyan/hadoop/logs/chukwa/metrics/chukwa-lyan-mapred-1307525359853.log,mapred.shuffleOutput,sr219, cluster="chukwa",sr219,0,12.5,4528336641,1079
1307525519,/mnt/DP_disk2/lyan/hadoop/logs/chukwa/metrics/chukwa-lyan-mapred-1307525359853.log,mapred.shuffleOutput,sr219, cluster="chukwa",sr219,0,22.5,5384190825,1283
1307525529,/mnt/DP_disk2/lyan/hadoop/logs/chukwa/metrics/chukwa-lyan-mapred-1307525359853.log,mapred.shuffleOutput,sr219, cluster="chukwa",sr219,0,30.000002,5994651848,1421
1307525539,/mnt/DP_disk2/lyan/hadoop/logs/chukwa/metrics/chukwa-lyan-mapred-1307525359853.log,mapred.shuffleOutput,sr219, cluster="chukwa",sr219,0,20,6549787263,1561
1307525549,/mnt/DP_disk2/lyan/hadoop/logs/chukwa/metrics/chukwa-lyan-mapred-1307525359853.log,mapred.shuffleOutput,sr219, cluster="chukwa",sr219,0,17.5,6924016091,1653
1307525559,/mnt/DP_disk2/lyan/hadoop/logs/chukwa/metrics/chukwa-lyan-mapred-1307525359853.log,mapred.shuffleOutput,sr219, cluster="chukwa",sr219,0,7.5000005,7276641361,1735
1307525569,/mnt/DP_disk2/lyan/hadoop/logs/chukwa/metrics/chukwa-lyan-mapred-1307525359853.log,mapred.shuffleOutput,sr219, cluster="chukwa",sr219,0,20,7829826275,1867
1307525579,/mnt/DP_disk2/lyan/hadoop/logs/chukwa/metrics/chukwa-lyan-mapred-1307525359853.log,mapred.shuffleOutput,sr219, cluster="chukwa",sr219,0,7.5000005,8489508472,2026
1307525589,/mnt/DP_disk2/lyan/hadoop/logs/chukwa/metrics/chukwa-lyan-mapred-1307525359853.log,mapred.shuffleOutput,sr219, cluster="chukwa",sr219,0,7.5000005,9204850774,2196
1307525599,/mnt/DP_disk2/lyan/hadoop/logs/chukwa/metrics/chukwa-lyan-mapred-1307525359853.log,mapred.shuffleOutput,sr219, cluster="chukwa",sr219,0,12.5,9678167532,2308
1307525609,/mnt/DP_disk2/lyan/hadoop/logs/chukwa/metrics/chukwa-lyan-mapred-1307525359853.log,mapred.shuffleOutput,sr219, cluster="chukwa",sr219,0,10,10287967588,2454
1307525619,/mnt/DP_disk2/lyan/hadoop/logs/chukwa/metrics/chukwa-lyan-mapred-1307525359853.log,mapred.shuffleOutput,sr219, cluster="chukwa",sr219,0,12.5,10600996347,2528
1307525629,/mnt/DP_disk2/lyan/hadoop/logs/chukwa/metrics/chukwa-lyan-mapred-1307525359853.log,mapred.shuffleOutput,sr219, cluster="chukwa",sr219,0,12.5,10902962922,2600
1307525639,/mnt/DP_disk2/lyan/hadoop/logs/chukwa/metrics/chukwa-lyan-mapred-1307525359853.log,mapred.shuffleOutput,sr219, cluster="chukwa",sr219,0,5,11054842651,2639
1307525649,/mnt/DP_disk2/lyan/hadoop/logs/chukwa/metrics/chukwa-lyan-mapred-1307525359853.log,mapred.shuffleOutput,sr219, cluster="chukwa",sr219,0,2.5,11086688978,2647
1307525659,/mnt/DP_disk2/lyan/hadoop/logs/chukwa/metrics/chukwa-lyan-mapred-1307525359853.log,mapred.shuffleOutput,sr219, cluster="chukwa",sr219,0,10,11106984492,2650
1307525669,/mnt/DP_disk2/lyan/hadoop/logs/chukwa/metrics/chukwa-lyan-mapred-1307525359853.log,mapred.shuffleOutput,sr219, cluster="chukwa",sr219,0,0,11232572967,2683
1307525679,/mnt/DP_disk2/lyan/hadoop/logs/chukwa/metrics/chukwa-lyan-mapred-1307525359853.log,mapred.shuffleOutput,sr219, cluster="chukwa",sr219,0,2.5,11240048924,2684
1307525689,/mnt/DP_disk2/lyan/hadoop/logs/chukwa/metrics/chukwa-lyan-mapred-1307525359853.log,mapred.shuffleOutput,sr219, cluster="chukwa",sr219,0,0,11253115500,2688
1307525699,/mnt/DP_disk2/lyan/hadoop/logs/chukwa/metrics/chukwa-lyan-mapred-1307525359853.log,mapred.shuffleOutput,sr219, cluster="chukwa",sr219,0,0,11253115500,2688
1307525709,/mnt/DP_disk2/lyan/hadoop/logs/chukwa/metrics/chukwa-lyan-mapred-1307525359853.log,mapred.shuffleOutput,sr219, cluster="chukwa",sr219,0,0,11253115500,2688
1307525719,/mnt/DP_disk2/lyan/hadoop/logs/chukwa/metrics/chukwa-lyan-mapred-1307525359853.log,mapred.shuffleOutput,sr219, cluster="chukwa",sr219,0,0,11253115500,2688
1307525729,/mnt/DP_disk2/lyan/hadoop/logs/chukwa/metrics/chukwa-lyan-mapred-1307525359853.log,mapred.shuffleOutput,sr219, cluster="chukwa",sr219,0,0,11253115500,2688
1307525739,/mnt/DP_disk2/lyan/hadoop/logs/chukwa/metrics/chukwa-lyan-mapred-1307525359853.log,mapred.shuffleOutput,sr219, cluster="chukwa",sr219,0,0,11253115500,2688
1307525749,/mnt/DP_disk2/lyan/hadoop/logs/chukwa/metrics/chukwa-lyan-mapred-1307525359853.log,mapred.shuffleOutput,sr219, cluster="chukwa",sr219,0,0,11253115500,2688
1307525759,/mnt/DP_disk2/lyan/hadoop/logs/chukwa/metrics/chukwa-lyan-mapred-1307525359853.log,mapred.shuffleOutput,sr219, cluster="chukwa",sr219,0,0,11253115500,2688
1307525769,/mnt/DP_disk2/lyan/hadoop/logs/chukwa/metrics/chukwa-lyan-mapred-1307525359853.log,mapred.shuffleOutput,sr219, cluster="chukwa",sr219,0,0,11253115500,2688
1307525779,/mnt/DP_disk2/lyan/hadoop/logs/chukwa/metrics/chukwa-lyan-mapred-1307525359853.log,mapred.shuffleOutput,sr219, cluster="chukwa",sr219,0,0,11253115500,2688
1307525789,/mnt/DP_disk2/lyan/hadoop/logs/chukwa/metrics/chukwa-lyan-mapred-1307525359853.log,mapred.shuffleOutput,sr219, cluster="chukwa",sr219,0,0,11253115500,2688
1307525799,/mnt/DP_disk2/lyan/hadoop/logs/chukwa/metrics/chukwa-lyan-mapred-1307525359853.log,mapred.shuffleOutput,sr219, cluster="chukwa",sr219,0,0,11253115500,2688
1307525809,/mnt/DP_disk2/lyan/hadoop/logs/chukwa/metrics/chukwa-lyan-mapred-1307525359853.log,mapred.shuffleOutput,sr219, cluster="chukwa",sr219,0,0,11253115500,2688
1307525819,/mnt/DP_disk2/lyan/hadoop/logs/chukwa/metrics/chukwa-lyan-mapred-1307525359853.log,mapred.shuffleOutput,sr219, cluster="chukwa",sr219,0,0,11253115500,2688
1307525829,/mnt/DP_disk2/lyan/hadoop/logs/chukwa/metrics/chukwa-lyan-mapred-1307525359853.log,mapred.shuffleOutput,sr219, cluster="chukwa",sr219,0,0,11253115500,2688
1307525839,/mnt/DP_disk2/lyan/hadoop/logs/chukwa/metrics/chukwa-lyan-mapred-1307525359853.log,mapred.shuffleOutput,sr219, cluster="chukwa",sr219,0,0,11253115500,2688
1307525849,/mnt/DP_disk2/lyan/hadoop/logs/chukwa/metrics/chukwa-lyan-mapred-1307525359853.log,mapred.shuffleOutput,sr219, cluster="chukwa",sr219,0,0,11253115500,2688
1307525859,/mnt/DP_disk2/lyan/hadoop/logs/chukwa/metrics/chukwa-lyan-mapred-1307525359853.log,mapred.shuffleOutput,sr219, cluster="chukwa",sr219,0,0,11253115500,2688
1307525869,/mnt/DP_disk2/lyan/hadoop/logs/chukwa/metrics/chukwa-lyan-mapred-1307525359853.log,mapred.shuffleOutput,sr219, cluster="chukwa",sr219,0,0,11253115500,2688
1307525879,/mnt/DP_disk2/lyan/hadoop/logs/chukwa/metrics/chukwa-lyan-mapred-1307525359853.log,mapred.shuffleOutput,sr219, cluster="chukwa",sr219,0,0,11253115500,2688
1307525889,/mnt/DP_disk2/lyan/hadoop/logs/chukwa/metrics/chukwa-lyan-mapred-1307525359853.log,mapred.shuffleOutput,sr219, cluster="chukwa",sr219,0,0,11253115500,2688
1307525899,/mnt/DP_disk2/lyan/hadoop/logs/chukwa/metrics/chukwa-lyan-mapred-1307525359853.log,mapred.shuffleOutput,sr219, cluster="chukwa",sr219,0,0,11253115500,2688
1307525909,/mnt/DP_disk2/lyan/hadoop/logs/chukwa/metrics/chukwa-lyan-mapred-1307525359853.log,mapred.shuffleOutput,sr219, cluster="chukwa",sr219,0,0,11253115500,2688
1307525919,/mnt/DP_disk2/lyan/hadoop/logs/chukwa/metrics/chukwa-lyan-mapred-1307525359853.log,mapred.shuffleOutput,sr219, cluster="chukwa",sr219,0,0,11253115500,2688
1307525929,/mnt/DP_disk2/lyan/hadoop/logs/chukwa/metrics/chukwa-lyan-mapred-1307525359853.log,mapred.shuffleOutput,sr219, cluster="chukwa",sr219,0,0,11253115500,2688
1307525939,/mnt/DP_disk2/lyan/hadoop/logs/chukwa/metrics/chukwa-lyan-mapred-1307525359853.log,mapred.shuffleOutput,sr219, cluster="chukwa",sr219,0,0,11253115500,2688
1307525949,/mnt/DP_disk2/lyan/hadoop/logs/chukwa/metrics/chukwa-lyan-mapred-1307525359853.log,mapred.shuffleOutput,sr219, cluster="chukwa",sr219,0,0,11253115500,2688
1307525959,/mnt/DP_disk2/lyan/hadoop/logs/chukwa/metrics/chukwa-lyan-mapred-1307525359853.log,mapred.shuffleOutput,sr219, cluster="chukwa",sr219,0,0,11253115500,2688
1307525969,/mnt/DP_disk2/lyan/hadoop/logs/chukwa/metrics/chukwa-lyan-mapred-1307525359853.log,mapred.shuffleOutput,sr219, cluster="chukwa",sr219,0,0,11253115500,2688
1307525979,/mnt/DP_disk2/lyan/hadoop/logs/chukwa/metrics/chukwa-lyan-mapred-1307525359853.log,mapred.shuffleOutput,sr219, cluster="chukwa",sr219,0,0,11253115500,2688
1307525989,/mnt/DP_disk2/lyan/hadoop/logs/chukwa/metrics/chukwa-lyan-mapred-1307525359853.log,mapred.shuffleOutput,sr219, cluster="chukwa",sr219,0,0,11253115500,2688
1307525999,/mnt/DP_disk2/lyan/hadoop/logs/chukwa/metrics/chukwa-lyan-mapred-1307525359853.log,mapred.shuffleOutput,sr219, cluster="chukwa",sr219,0,0,11253115500,2688
1307526009,/mnt/DP_disk2/lyan/hadoop/logs/chukwa/metrics/chukwa-lyan-mapred-1307525359853.log,mapred.shuffleOutput,sr219, cluster="chukwa",sr219,0,0,11253115500,2688
1307526019,/mnt/DP_disk2/lyan/hadoop/logs/chukwa/metrics/chukwa-lyan-mapred-1307525359853.log,mapred.shuffleOutput,sr219, cluster="chukwa",sr219,0,0,11253115500,2688
1307526029,/mnt/DP_disk2/lyan/hadoop/logs/chukwa/metrics/chukwa-lyan-mapred-1307525359853.log,mapred.shuffleOutput,sr219, cluster="chukwa",sr219,0,0,11253115500,2688
1307526039,/mnt/DP_disk2/lyan/hadoop/logs/chukwa/metrics/chukwa-lyan-mapred-1307525359853.log,mapred.shuffleOutput,sr219, cluster="chukwa",sr219,0,0,11253115500,2688
1307526049,/mnt/DP_disk2/lyan/hadoop/logs/chukwa/metrics/chukwa-lyan-mapred-1307525359853.log,mapred.shuffleOutput,sr219, cluster="chukwa",sr219,0,0,11253115500,2688
1307526059,/mnt/DP_disk2/lyan/hadoop/logs/chukwa/metrics/chukwa-lyan-mapred-1307525359853.log,mapred.shuffleOutput,sr219, cluster="chukwa",sr219,0,0,11253115500,2688
1307526069,/mnt/DP_disk2/lyan/hadoop/logs/chukwa/metrics/chukwa-lyan-mapred-1307525359853.log,mapred.shuffleOutput,sr219, cluster="chukwa",sr219,0,0,11253115500,2688
1307526079,/mnt/DP_disk2/lyan/hadoop/logs/chukwa/metrics/chukwa-lyan-mapred-1307525359853.log,mapred.shuffleOutput,sr219, cluster="chukwa",sr219,0,0,11253115500,2688
1307526089,/mnt/DP_disk2/lyan/hadoop/logs/chukwa/metrics/chukwa-lyan-mapred-1307525359853.log,mapred.shuffleOutput,sr219, cluster="chukwa",sr219,0,0,11253115500,2688
1307525439,/mnt/DP_disk2/lyan/hadoop/logs/chukwa/metrics/chukwa-lyan-mapred-1307525359831.log,mapred.shuffleOutput,sr221, cluster="chukwa",sr221,0,0,0,0
1307525449,/mnt/DP_disk2/lyan/hadoop/logs/chukwa/metrics/chukwa-lyan-mapred-1307525359831.log,mapred.shuffleOutput,sr221, cluster="chukwa",sr221,0,0,0,0
1307525459,/mnt/DP_disk2/lyan/hadoop/logs/chukwa/metrics/chukwa-lyan-mapred-1307525359831.log,mapred.shuffleOutput,sr221, cluster="chukwa",sr221,0,5,78549838,17
1307525469,/mnt/DP_disk2/lyan/hadoop/logs/chukwa/metrics/chukwa-lyan-mapred-1307525359831.log,mapred.shuffleOutput,sr221, cluster="chukwa",sr221,0,50,718268528,152
1307525479,/mnt/DP_disk2/lyan/hadoop/logs/chukwa/metrics/chukwa-lyan-mapred-1307525359831.log,mapred.shuffleOutput,sr221, cluster="chukwa",sr221,0,95,1645521196,348
1307525489,/mnt/DP_disk2/lyan/hadoop/logs/chukwa/metrics/chukwa-lyan-mapred-1307525359831.log,mapred.shuffleOutput,sr221, cluster="chukwa",sr221,0,97.5,2557625205,563
1307525499,/mnt/DP_disk2/lyan/hadoop/logs/chukwa/metrics/chukwa-lyan-mapred-1307525359831.log,mapred.shuffleOutput,sr221, cluster="chukwa",sr221,0,10,3186226407,749
1307525509,/mnt/DP_disk2/lyan/hadoop/logs/chukwa/metrics/chukwa-lyan-mapred-1307525359831.log,mapred.shuffleOutput,sr221, cluster="chukwa",sr221,0,80,3773806328,891
1307525519,/mnt/DP_disk2/lyan/hadoop/logs/chukwa/metrics/chukwa-lyan-mapred-1307525359831.log,mapred.shuffleOutput,sr221, cluster="chukwa",sr221,0,27.5,4112598632,965
1307525529,/mnt/DP_disk2/lyan/hadoop/logs/chukwa/metrics/chukwa-lyan-mapred-1307525359831.log,mapred.shuffleOutput,sr221, cluster="chukwa",sr221,0,47.5,4558883273,1072
1307525539,/mnt/DP_disk2/lyan/hadoop/logs/chukwa/metrics/chukwa-lyan-mapred-1307525359831.log,mapred.shuffleOutput,sr221, cluster="chukwa",sr221,0,15.000001,5392978573,1273
1307525549,/mnt/DP_disk2/lyan/hadoop/logs/chukwa/metrics/chukwa-lyan-mapred-1307525359831.log,mapred.shuffleOutput,sr221, cluster="chukwa",sr221,0,95,5892635805,1358
1307525559,/mnt/DP_disk2/lyan/hadoop/logs/chukwa/metrics/chukwa-lyan-mapred-1307525359831.log,mapred.shuffleOutput,sr221, cluster="chukwa",sr221,0,25,6111008844,1443
1307525569,/mnt/DP_disk2/lyan/hadoop/logs/chukwa/metrics/chukwa-lyan-mapred-1307525359831.log,mapred.shuffleOutput,sr221, cluster="chukwa",sr221,0,72.5,6653018078,1553
1307525579,/mnt/DP_disk2/lyan/hadoop/logs/chukwa/metrics/chukwa-lyan-mapred-1307525359831.log,mapred.shuffleOutput,sr221, cluster="chukwa",sr221,0,85,7299394381,1704
1307525589,/mnt/DP_disk2/lyan/hadoop/logs/chukwa/metrics/chukwa-lyan-mapred-1307525359831.log,mapred.shuffleOutput,sr221, cluster="chukwa",sr221,0,22.5,8294152315,1966
1307525599,/mnt/DP_disk2/lyan/hadoop/logs/chukwa/metrics/chukwa-lyan-mapred-1307525359831.log,mapred.shuffleOutput,sr221, cluster="chukwa",sr221,0,20,9325978370,2209
1307525609,/mnt/DP_disk2/lyan/hadoop/logs/chukwa/metrics/chukwa-lyan-mapred-1307525359831.log,mapred.shuffleOutput,sr221, cluster="chukwa",sr221,0,27.5,10311134646,2447
1307525619,/mnt/DP_disk2/lyan/hadoop/logs/chukwa/metrics/chukwa-lyan-mapred-1307525359831.log,mapred.shuffleOutput,sr221, cluster="chukwa",sr221,0,22.5,11232586411,2666
1307525629,/mnt/DP_disk2/lyan/hadoop/logs/chukwa/metrics/chukwa-lyan-mapred-1307525359831.log,mapred.shuffleOutput,sr221, cluster="chukwa",sr221,0,10,11710553604,2782
1307525639,/mnt/DP_disk2/lyan/hadoop/logs/chukwa/metrics/chukwa-lyan-mapred-1307525359831.log,mapred.shuffleOutput,sr221, cluster="chukwa",sr221,0,2.5,12202848552,2901
1307525649,/mnt/DP_disk2/lyan/hadoop/logs/chukwa/metrics/chukwa-lyan-mapred-1307525359831.log,mapred.shuffleOutput,sr221, cluster="chukwa",sr221,0,5,12236186143,2908
1307525659,/mnt/DP_disk2/lyan/hadoop/logs/chukwa/metrics/chukwa-lyan-mapred-1307525359831.log,mapred.shuffleOutput,sr221, cluster="chukwa",sr221,0,5,12253932870,2913
1307525669,/mnt/DP_disk2/lyan/hadoop/logs/chukwa/metrics/chukwa-lyan-mapred-1307525359831.log,mapred.shuffleOutput,sr221, cluster="chukwa",sr221,0,2.5,12394548748,2947
1307525679,/mnt/DP_disk2/lyan/hadoop/logs/chukwa/metrics/chukwa-lyan-mapred-1307525359831.log,mapred.shuffleOutput,sr221, cluster="chukwa",sr221,0,0,12426375868,2955
1307525689,/mnt/DP_disk2/lyan/hadoop/logs/chukwa/metrics/chukwa-lyan-mapred-1307525359831.log,mapred.shuffleOutput,sr221, cluster="chukwa",sr221,0,0,12447302591,2960
1307525699,/mnt/DP_disk2/lyan/hadoop/logs/chukwa/metrics/chukwa-lyan-mapred-1307525359831.log,mapred.shuffleOutput,sr221, cluster="chukwa",sr221,0,0,12513112951,2976
1307525709,/mnt/DP_disk2/lyan/hadoop/logs/chukwa/metrics/chukwa-lyan-mapred-1307525359831.log,mapred.shuffleOutput,sr221, cluster="chukwa",sr221,0,0,12513112951,2976
1307525719,/mnt/DP_disk2/lyan/hadoop/logs/chukwa/metrics/chukwa-lyan-mapred-1307525359831.log,mapred.shuffleOutput,sr221, cluster="chukwa",sr221,0,0,12513112951,2976
1307525729,/mnt/DP_disk2/lyan/hadoop/logs/chukwa/metrics/chukwa-lyan-mapred-1307525359831.log,mapred.shuffleOutput,sr221, cluster="chukwa",sr221,0,0,12513112951,2976
1307525739,/mnt/DP_disk2/lyan/hadoop/logs/chukwa/metrics/chukwa-lyan-mapred-1307525359831.log,mapred.shuffleOutput,sr221, cluster="chukwa",sr221,0,0,12513112951,2976
1307525749,/mnt/DP_disk2/lyan/hadoop/logs/chukwa/metrics/chukwa-lyan-mapred-1307525359831.log,mapred.shuffleOutput,sr221, cluster="chukwa",sr221,0,0,12513112951,2976
1307525759,/mnt/DP_disk2/lyan/hadoop/logs/chukwa/metrics/chukwa-lyan-mapred-1307525359831.log,mapred.shuffleOutput,sr221, cluster="chukwa",sr221,0,0,12513112951,2976
1307525769,/mnt/DP_disk2/lyan/hadoop/logs/chukwa/metrics/chukwa-lyan-mapred-1307525359831.log,mapred.shuffleOutput,sr221, cluster="chukwa",sr221,0,0,12513112951,2976
1307525779,/mnt/DP_disk2/lyan/hadoop/logs/chukwa/metrics/chukwa-lyan-mapred-1307525359831.log,mapred.shuffleOutput,sr221, cluster="chukwa",sr221,0,0,12513112951,2976
1307525789,/mnt/DP_disk2/lyan/hadoop/logs/chukwa/metrics/chukwa-lyan-mapred-1307525359831.log,mapred.shuffleOutput,sr221, cluster="chukwa",sr221,0,0,12513112951,2976
1307525799,/mnt/DP_disk2/lyan/hadoop/logs/chukwa/metrics/chukwa-lyan-mapred-1307525359831.log,mapred.shuffleOutput,sr221, cluster="chukwa",sr221,0,0,12513112951,2976
1307525809,/mnt/DP_disk2/lyan/hadoop/logs/chukwa/metrics/chukwa-lyan-mapred-1307525359831.log,mapred.shuffleOutput,sr221, cluster="chukwa",sr221,0,0,12513112951,2976
1307525819,/mnt/DP_disk2/lyan/hadoop/logs/chukwa/metrics/chukwa-lyan-mapred-1307525359831.log,mapred.shuffleOutput,sr221, cluster="chukwa",sr221,0,0,12513112951,2976
1307525829,/mnt/DP_disk2/lyan/hadoop/logs/chukwa/metrics/chukwa-lyan-mapred-1307525359831.log,mapred.shuffleOutput,sr221, cluster="chukwa",sr221,0,0,12513112951,2976
1307525839,/mnt/DP_disk2/lyan/hadoop/logs/chukwa/metrics/chukwa-lyan-mapred-1307525359831.log,mapred.shuffleOutput,sr221, cluster="chukwa",sr221,0,0,12513112951,2976
1307525849,/mnt/DP_disk2/lyan/hadoop/logs/chukwa/metrics/chukwa-lyan-mapred-1307525359831.log,mapred.shuffleOutput,sr221, cluster="chukwa",sr221,0,0,12513112951,2976
1307525859,/mnt/DP_disk2/lyan/hadoop/logs/chukwa/metrics/chukwa-lyan-mapred-1307525359831.log,mapred.shuffleOutput,sr221, cluster="chukwa",sr221,0,0,12513112951,2976
1307525869,/mnt/DP_disk2/lyan/hadoop/logs/chukwa/metrics/chukwa-lyan-mapred-1307525359831.log,mapred.shuffleOutput,sr221, cluster="chukwa",sr221,0,0,12513112951,2976
1307525879,/mnt/DP_disk2/lyan/hadoop/logs/chukwa/metrics/chukwa-lyan-mapred-1307525359831.log,mapred.shuffleOutput,sr221, cluster="chukwa",sr221,0,0,12513112951,2976
1307525889,/mnt/DP_disk2/lyan/hadoop/logs/chukwa/metrics/chukwa-lyan-mapred-1307525359831.log,mapred.shuffleOutput,sr221, cluster="chukwa",sr221,0,0,12513112951,2976
1307525899,/mnt/DP_disk2/lyan/hadoop/logs/chukwa/metrics/chukwa-lyan-mapred-1307525359831.log,mapred.shuffleOutput,sr221, cluster="chukwa",sr221,0,0,12513112951,2976
1307525909,/mnt/DP_disk2/lyan/hadoop/logs/chukwa/metrics/chukwa-lyan-mapred-1307525359831.log,mapred.shuffleOutput,sr221, cluster="chukwa",sr221,0,0,12513112951,2976
1307525919,/mnt/DP_disk2/lyan/hadoop/logs/chukwa/metrics/chukwa-lyan-mapred-1307525359831.log,mapred.shuffleOutput,sr221, cluster="chukwa",sr221,0,0,12513112951,2976
1307525929,/mnt/DP_disk2/lyan/hadoop/logs/chukwa/metrics/chukwa-lyan-mapred-1307525359831.log,mapred.shuffleOutput,sr221, cluster="chukwa",sr221,0,0,12513112951,2976
1307525939,/mnt/DP_disk2/lyan/hadoop/logs/chukwa/metrics/chukwa-lyan-mapred-1307525359831.log,mapred.shuffleOutput,sr221, cluster="chukwa",sr221,0,0,12513112951,2976
1307525949,/mnt/DP_disk2/lyan/hadoop/logs/chukwa/metrics/chukwa-lyan-mapred-1307525359831.log,mapred.shuffleOutput,sr221, cluster="chukwa",sr221,0,0,12513112951,2976
1307525959,/mnt/DP_disk2/lyan/hadoop/logs/chukwa/metrics/chukwa-lyan-mapred-1307525359831.log,mapred.shuffleOutput,sr221, cluster="chukwa",sr221,0,0,12513112951,2976
1307525969,/mnt/DP_disk2/lyan/hadoop/logs/chukwa/metrics/chukwa-lyan-mapred-1307525359831.log,mapred.shuffleOutput,sr221, cluster="chukwa",sr221,0,0,12513112951,2976
1307525979,/mnt/DP_disk2/lyan/hadoop/logs/chukwa/metrics/chukwa-lyan-mapred-1307525359831.log,mapred.shuffleOutput,sr221, cluster="chukwa",sr221,0,0,12513112951,2976
1307525989,/mnt/DP_disk2/lyan/hadoop/logs/chukwa/metrics/chukwa-lyan-mapred-1307525359831.log,mapred.shuffleOutput,sr221, cluster="chukwa",sr221,0,0,12513112951,2976
1307525999,/mnt/DP_disk2/lyan/hadoop/logs/chukwa/metrics/chukwa-lyan-mapred-1307525359831.log,mapred.shuffleOutput,sr221, cluster="chukwa",sr221,0,0,12513112951,2976
1307526009,/mnt/DP_disk2/lyan/hadoop/logs/chukwa/metrics/chukwa-lyan-mapred-1307525359831.log,mapred.shuffleOutput,sr221, cluster="chukwa",sr221,0,0,12513112951,2976
1307526019,/mnt/DP_disk2/lyan/hadoop/logs/chukwa/metrics/chukwa-lyan-mapred-1307525359831.log,mapred.shuffleOutput,sr221, cluster="chukwa",sr221,0,0,12513112951,2976
1307526029,/mnt/DP_disk2/lyan/hadoop/logs/chukwa/metrics/chukwa-lyan-mapred-1307525359831.log,mapred.shuffleOutput,sr221, cluster="chukwa",sr221,0,0,12513112951,2976
1307526039,/mnt/DP_disk2/lyan/hadoop/logs/chukwa/metrics/chukwa-lyan-mapred-1307525359831.log,mapred.shuffleOutput,sr221, cluster="chukwa",sr221,0,0,12513112951,2976
1307526049,/mnt/DP_disk2/lyan/hadoop/logs/chukwa/metrics/chukwa-lyan-mapred-1307525359831.log,mapred.shuffleOutput,sr221, cluster="chukwa",sr221,0,0,12513112951,2976
1307526059,/mnt/DP_disk2/lyan/hadoop/logs/chukwa/metrics/chukwa-lyan-mapred-1307525359831.log,mapred.shuffleOutput,sr221, cluster="chukwa",sr221,0,0,12513112951,2976
1307526069,/mnt/DP_disk2/lyan/hadoop/logs/chukwa/metrics/chukwa-lyan-mapred-1307525359831.log,mapred.shuffleOutput,sr221, cluster="chukwa",sr221,0,0,12513112951,2976
1307526079,/mnt/DP_disk2/lyan/hadoop/logs/chukwa/metrics/chukwa-lyan-mapred-1307525359831.log,mapred.shuffleOutput,sr221, cluster="chukwa",sr221,0,0,12513112951,2976
1307526089,/mnt/DP_disk2/lyan/hadoop/logs/chukwa/metrics/chukwa-lyan-mapred-1307525359831.log,mapred.shuffleOutput,sr221, cluster="chukwa",sr221,0,0,12513112951,2976
1307525439,/mnt/DP_disk2/lyan/hadoop/logs/chukwa/metrics/chukwa-lyan-mapred-1307525359901.log,mapred.shuffleOutput,sr222, cluster="chukwa",sr222,0,0,0,0
1307525449,/mnt/DP_disk2/lyan/hadoop/logs/chukwa/metrics/chukwa-lyan-mapred-1307525359901.log,mapred.shuffleOutput,sr222, cluster="chukwa",sr222,0,0,0,0
1307525459,/mnt/DP_disk2/lyan/hadoop/logs/chukwa/metrics/chukwa-lyan-mapred-1307525359901.log,mapred.shuffleOutput,sr222, cluster="chukwa",sr222,0,5,89647621,17
1307525469,/mnt/DP_disk2/lyan/hadoop/logs/chukwa/metrics/chukwa-lyan-mapred-1307525359901.log,mapred.shuffleOutput,sr222, cluster="chukwa",sr222,0,55,830568829,171
1307525479,/mnt/DP_disk2/lyan/hadoop/logs/chukwa/metrics/chukwa-lyan-mapred-1307525359901.log,mapred.shuffleOutput,sr222, cluster="chukwa",sr222,0,97.5,1412457797,289
1307525489,/mnt/DP_disk2/lyan/hadoop/logs/chukwa/metrics/chukwa-lyan-mapred-1307525359901.log,mapred.shuffleOutput,sr222, cluster="chukwa",sr222,0,12.5,2332041334,542
1307525499,/mnt/DP_disk2/lyan/hadoop/logs/chukwa/metrics/chukwa-lyan-mapred-1307525359901.log,mapred.shuffleOutput,sr222, cluster="chukwa",sr222,0,95,2864951762,633
1307525509,/mnt/DP_disk2/lyan/hadoop/logs/chukwa/metrics/chukwa-lyan-mapred-1307525359901.log,mapred.shuffleOutput,sr222, cluster="chukwa",sr222,0,15.000001,3678520173,862
1307525519,/mnt/DP_disk2/lyan/hadoop/logs/chukwa/metrics/chukwa-lyan-mapred-1307525359901.log,mapred.shuffleOutput,sr222, cluster="chukwa",sr222,0,97.5,4435981552,1007
1307525529,/mnt/DP_disk2/lyan/hadoop/logs/chukwa/metrics/chukwa-lyan-mapred-1307525359901.log,mapred.shuffleOutput,sr222, cluster="chukwa",sr222,0,90,4662192505,1065
1307525539,/mnt/DP_disk2/lyan/hadoop/logs/chukwa/metrics/chukwa-lyan-mapred-1307525359901.log,mapred.shuffleOutput,sr222, cluster="chukwa",sr222,0,57.5,5073564527,1179
1307525549,/mnt/DP_disk2/lyan/hadoop/logs/chukwa/metrics/chukwa-lyan-mapred-1307525359901.log,mapred.shuffleOutput,sr222, cluster="chukwa",sr222,0,85,5474570506,1267
1307525559,/mnt/DP_disk2/lyan/hadoop/logs/chukwa/metrics/chukwa-lyan-mapred-1307525359901.log,mapred.shuffleOutput,sr222, cluster="chukwa",sr222,0,97.5,5696317199,1307
1307525569,/mnt/DP_disk2/lyan/hadoop/logs/chukwa/metrics/chukwa-lyan-mapred-1307525359901.log,mapred.shuffleOutput,sr222, cluster="chukwa",sr222,0,45,6249339295,1467
1307525579,/mnt/DP_disk2/lyan/hadoop/logs/chukwa/metrics/chukwa-lyan-mapred-1307525359901.log,mapred.shuffleOutput,sr222, cluster="chukwa",sr222,0,60.000004,6950823755,1629
1307525589,/mnt/DP_disk2/lyan/hadoop/logs/chukwa/metrics/chukwa-lyan-mapred-1307525359901.log,mapred.shuffleOutput,sr222, cluster="chukwa",sr222,0,42.5,7436675519,1753
1307525599,/mnt/DP_disk2/lyan/hadoop/logs/chukwa/metrics/chukwa-lyan-mapred-1307525359901.log,mapred.shuffleOutput,sr222, cluster="chukwa",sr222,0,42.5,8122223407,1914
1307525609,/mnt/DP_disk2/lyan/hadoop/logs/chukwa/metrics/chukwa-lyan-mapred-1307525359901.log,mapred.shuffleOutput,sr222, cluster="chukwa",sr222,0,32.5,9126466385,2158
1307525619,/mnt/DP_disk2/lyan/hadoop/logs/chukwa/metrics/chukwa-lyan-mapred-1307525359901.log,mapred.shuffleOutput,sr222, cluster="chukwa",sr222,0,25,10047760180,2379
1307525629,/mnt/DP_disk2/lyan/hadoop/logs/chukwa/metrics/chukwa-lyan-mapred-1307525359901.log,mapred.shuffleOutput,sr222, cluster="chukwa",sr222,0,7.5000005,10509974948,2494
1307525639,/mnt/DP_disk2/lyan/hadoop/logs/chukwa/metrics/chukwa-lyan-mapred-1307525359901.log,mapred.shuffleOutput,sr222, cluster="chukwa",sr222,0,10,10930230903,2593
1307525649,/mnt/DP_disk2/lyan/hadoop/logs/chukwa/metrics/chukwa-lyan-mapred-1307525359901.log,mapred.shuffleOutput,sr222, cluster="chukwa",sr222,0,7.5000005,10961342038,2600
1307525659,/mnt/DP_disk2/lyan/hadoop/logs/chukwa/metrics/chukwa-lyan-mapred-1307525359901.log,mapred.shuffleOutput,sr222, cluster="chukwa",sr222,0,5,10978636284,2605
1307525669,/mnt/DP_disk2/lyan/hadoop/logs/chukwa/metrics/chukwa-lyan-mapred-1307525359901.log,mapred.shuffleOutput,sr222, cluster="chukwa",sr222,0,5,11122541658,2640
1307525679,/mnt/DP_disk2/lyan/hadoop/logs/chukwa/metrics/chukwa-lyan-mapred-1307525359901.log,mapred.shuffleOutput,sr222, cluster="chukwa",sr222,0,5,11247476934,2669
1307525689,/mnt/DP_disk2/lyan/hadoop/logs/chukwa/metrics/chukwa-lyan-mapred-1307525359901.log,mapred.shuffleOutput,sr222, cluster="chukwa",sr222,0,2.5,11269264724,2675
1307525699,/mnt/DP_disk2/lyan/hadoop/logs/chukwa/metrics/chukwa-lyan-mapred-1307525359901.log,mapred.shuffleOutput,sr222, cluster="chukwa",sr222,0,0,11323579306,2688
1307525709,/mnt/DP_disk2/lyan/hadoop/logs/chukwa/metrics/chukwa-lyan-mapred-1307525359901.log,mapred.shuffleOutput,sr222, cluster="chukwa",sr222,0,0,11323579306,2688
1307525719,/mnt/DP_disk2/lyan/hadoop/logs/chukwa/metrics/chukwa-lyan-mapred-1307525359901.log,mapred.shuffleOutput,sr222, cluster="chukwa",sr222,0,0,11323579306,2688
1307525729,/mnt/DP_disk2/lyan/hadoop/logs/chukwa/metrics/chukwa-lyan-mapred-1307525359901.log,mapred.shuffleOutput,sr222, cluster="chukwa",sr222,0,0,11323579306,2688
1307525739,/mnt/DP_disk2/lyan/hadoop/logs/chukwa/metrics/chukwa-lyan-mapred-1307525359901.log,mapred.shuffleOutput,sr222, cluster="chukwa",sr222,0,0,11323579306,2688
1307525749,/mnt/DP_disk2/lyan/hadoop/logs/chukwa/metrics/chukwa-lyan-mapred-1307525359901.log,mapred.shuffleOutput,sr222, cluster="chukwa",sr222,0,0,11323579306,2688
1307525759,/mnt/DP_disk2/lyan/hadoop/logs/chukwa/metrics/chukwa-lyan-mapred-1307525359901.log,mapred.shuffleOutput,sr222, cluster="chukwa",sr222,0,0,11323579306,2688
1307525769,/mnt/DP_disk2/lyan/hadoop/logs/chukwa/metrics/chukwa-lyan-mapred-1307525359901.log,mapred.shuffleOutput,sr222, cluster="chukwa",sr222,0,0,11323579306,2688
1307525779,/mnt/DP_disk2/lyan/hadoop/logs/chukwa/metrics/chukwa-lyan-mapred-1307525359901.log,mapred.shuffleOutput,sr222, cluster="chukwa",sr222,0,0,11323579306,2688
1307525789,/mnt/DP_disk2/lyan/hadoop/logs/chukwa/metrics/chukwa-lyan-mapred-1307525359901.log,mapred.shuffleOutput,sr222, cluster="chukwa",sr222,0,0,11323579306,2688
1307525799,/mnt/DP_disk2/lyan/hadoop/logs/chukwa/metrics/chukwa-lyan-mapred-1307525359901.log,mapred.shuffleOutput,sr222, cluster="chukwa",sr222,0,0,11323579306,2688
1307525809,/mnt/DP_disk2/lyan/hadoop/logs/chukwa/metrics/chukwa-lyan-mapred-1307525359901.log,mapred.shuffleOutput,sr222, cluster="chukwa",sr222,0,0,11323579306,2688
1307525819,/mnt/DP_disk2/lyan/hadoop/logs/chukwa/metrics/chukwa-lyan-mapred-1307525359901.log,mapred.shuffleOutput,sr222, cluster="chukwa",sr222,0,0,11323579306,2688
1307525829,/mnt/DP_disk2/lyan/hadoop/logs/chukwa/metrics/chukwa-lyan-mapred-1307525359901.log,mapred.shuffleOutput,sr222, cluster="chukwa",sr222,0,0,11323579306,2688
1307525839,/mnt/DP_disk2/lyan/hadoop/logs/chukwa/metrics/chukwa-lyan-mapred-1307525359901.log,mapred.shuffleOutput,sr222, cluster="chukwa",sr222,0,0,11323579306,2688
1307525849,/mnt/DP_disk2/lyan/hadoop/logs/chukwa/metrics/chukwa-lyan-mapred-1307525359901.log,mapred.shuffleOutput,sr222, cluster="chukwa",sr222,0,0,11323579306,2688
1307525859,/mnt/DP_disk2/lyan/hadoop/logs/chukwa/metrics/chukwa-lyan-mapred-1307525359901.log,mapred.shuffleOutput,sr222, cluster="chukwa",sr222,0,0,11323579306,2688
1307525869,/mnt/DP_disk2/lyan/hadoop/logs/chukwa/metrics/chukwa-lyan-mapred-1307525359901.log,mapred.shuffleOutput,sr222, cluster="chukwa",sr222,0,0,11323579306,2688
1307525879,/mnt/DP_disk2/lyan/hadoop/logs/chukwa/metrics/chukwa-lyan-mapred-1307525359901.log,mapred.shuffleOutput,sr222, cluster="chukwa",sr222,0,0,11323579306,2688
1307525889,/mnt/DP_disk2/lyan/hadoop/logs/chukwa/metrics/chukwa-lyan-mapred-1307525359901.log,mapred.shuffleOutput,sr222, cluster="chukwa",sr222,0,0,11323579306,2688
1307525899,/mnt/DP_disk2/lyan/hadoop/logs/chukwa/metrics/chukwa-lyan-mapred-1307525359901.log,mapred.shuffleOutput,sr222, cluster="chukwa",sr222,0,0,11323579306,2688
1307525909,/mnt/DP_disk2/lyan/hadoop/logs/chukwa/metrics/chukwa-lyan-mapred-1307525359901.log,mapred.shuffleOutput,sr222, cluster="chukwa",sr222,0,0,11323579306,2688
1307525919,/mnt/DP_disk2/lyan/hadoop/logs/chukwa/metrics/chukwa-lyan-mapred-1307525359901.log,mapred.shuffleOutput,sr222, cluster="chukwa",sr222,0,0,11323579306,2688
1307525929,/mnt/DP_disk2/lyan/hadoop/logs/chukwa/metrics/chukwa-lyan-mapred-1307525359901.log,mapred.shuffleOutput,sr222, cluster="chukwa",sr222,0,0,11323579306,2688
1307525939,/mnt/DP_disk2/lyan/hadoop/logs/chukwa/metrics/chukwa-lyan-mapred-1307525359901.log,mapred.shuffleOutput,sr222, cluster="chukwa",sr222,0,0,11323579306,2688
1307525949,/mnt/DP_disk2/lyan/hadoop/logs/chukwa/metrics/chukwa-lyan-mapred-1307525359901.log,mapred.shuffleOutput,sr222, cluster="chukwa",sr222,0,0,11323579306,2688
1307525959,/mnt/DP_disk2/lyan/hadoop/logs/chukwa/metrics/chukwa-lyan-mapred-1307525359901.log,mapred.shuffleOutput,sr222, cluster="chukwa",sr222,0,0,11323579306,2688
1307525969,/mnt/DP_disk2/lyan/hadoop/logs/chukwa/metrics/chukwa-lyan-mapred-1307525359901.log,mapred.shuffleOutput,sr222, cluster="chukwa",sr222,0,0,11323579306,2688
1307525979,/mnt/DP_disk2/lyan/hadoop/logs/chukwa/metrics/chukwa-lyan-mapred-1307525359901.log,mapred.shuffleOutput,sr222, cluster="chukwa",sr222,0,0,11323579306,2688
1307525989,/mnt/DP_disk2/lyan/hadoop/logs/chukwa/metrics/chukwa-lyan-mapred-1307525359901.log,mapred.shuffleOutput,sr222, cluster="chukwa",sr222,0,0,11323579306,2688
1307525999,/mnt/DP_disk2/lyan/hadoop/logs/chukwa/metrics/chukwa-lyan-mapred-1307525359901.log,mapred.shuffleOutput,sr222, cluster="chukwa",sr222,0,0,11323579306,2688
1307526009,/mnt/DP_disk2/lyan/hadoop/logs/chukwa/metrics/chukwa-lyan-mapred-1307525359901.log,mapred.shuffleOutput,sr222, cluster="chukwa",sr222,0,0,11323579306,2688
1307526019,/mnt/DP_disk2/lyan/hadoop/logs/chukwa/metrics/chukwa-lyan-mapred-1307525359901.log,mapred.shuffleOutput,sr222, cluster="chukwa",sr222,0,0,11323579306,2688
1307526029,/mnt/DP_disk2/lyan/hadoop/logs/chukwa/metrics/chukwa-lyan-mapred-1307525359901.log,mapred.shuffleOutput,sr222, cluster="chukwa",sr222,0,0,11323579306,2688
1307526039,/mnt/DP_disk2/lyan/hadoop/logs/chukwa/metrics/chukwa-lyan-mapred-1307525359901.log,mapred.shuffleOutput,sr222, cluster="chukwa",sr222,0,0,11323579306,2688
1307526049,/mnt/DP_disk2/lyan/hadoop/logs/chukwa/metrics/chukwa-lyan-mapred-1307525359901.log,mapred.shuffleOutput,sr222, cluster="chukwa",sr222,0,0,11323579306,2688
1307526059,/mnt/DP_disk2/lyan/hadoop/logs/chukwa/metrics/chukwa-lyan-mapred-1307525359901.log,mapred.shuffleOutput,sr222, cluster="chukwa",sr222,0,0,11323579306,2688
1307526069,/mnt/DP_disk2/lyan/hadoop/logs/chukwa/metrics/chukwa-lyan-mapred-1307525359901.log,mapred.shuffleOutput,sr222, cluster="chukwa",sr222,0,0,11323579306,2688
1307526079,/mnt/DP_disk2/lyan/hadoop/logs/chukwa/metrics/chukwa-lyan-mapred-1307525359901.log,mapred.shuffleOutput,sr222, cluster="chukwa",sr222,0,0,11323579306,2688
1307526089,/mnt/DP_disk2/lyan/hadoop/logs/chukwa/metrics/chukwa-lyan-mapred-1307525359901.log,mapred.shuffleOutput,sr222, cluster="chukwa",sr222,0,0,11323579306,2688
