Timestamp,capp,category,csource,ctags,hostName,mapTaskSlots,maps_running,reduceTaskSlots,reduces_running,tasks_completed
1307525439,/mnt/DP_disk2/lyan/hadoop/logs/chukwa/metrics/chukwa-lyan-mapred-1307525359762.log,mapred.tasktracker,sr214, cluster="chukwa",sr214,16,16,10,0,1
1307525449,/mnt/DP_disk2/lyan/hadoop/logs/chukwa/metrics/chukwa-lyan-mapred-1307525359762.log,mapred.tasktracker,sr214, cluster="chukwa",sr214,16,16,10,0,13
1307525459,/mnt/DP_disk2/lyan/hadoop/logs/chukwa/metrics/chukwa-lyan-mapred-1307525359762.log,mapred.tasktracker,sr214, cluster="chukwa",sr214,16,16,10,1,13
1307525469,/mnt/DP_disk2/lyan/hadoop/logs/chukwa/metrics/chukwa-lyan-mapred-1307525359762.log,mapred.tasktracker,sr214, cluster="chukwa",sr214,16,16,10,3,28
1307525479,/mnt/DP_disk2/lyan/hadoop/logs/chukwa/metrics/chukwa-lyan-mapred-1307525359762.log,mapred.tasktracker,sr214, cluster="chukwa",sr214,16,16,10,4,34
1307525489,/mnt/DP_disk2/lyan/hadoop/logs/chukwa/metrics/chukwa-lyan-mapred-1307525359762.log,mapred.tasktracker,sr214, cluster="chukwa",sr214,16,16,10,4,45
1307525499,/mnt/DP_disk2/lyan/hadoop/logs/chukwa/metrics/chukwa-lyan-mapred-1307525359762.log,mapred.tasktracker,sr214, cluster="chukwa",sr214,16,16,10,4,52
1307525510,/mnt/DP_disk2/lyan/hadoop/logs/chukwa/metrics/chukwa-lyan-mapred-1307525359762.log,mapred.tasktracker,sr214, cluster="chukwa",sr214,16,16,10,4,52
1307525519,/mnt/DP_disk2/lyan/hadoop/logs/chukwa/metrics/chukwa-lyan-mapred-1307525359762.log,mapred.tasktracker,sr214, cluster="chukwa",sr214,16,16,10,4,56
1307525531,/mnt/DP_disk2/lyan/hadoop/logs/chukwa/metrics/chukwa-lyan-mapred-1307525359762.log,mapred.tasktracker,sr214, cluster="chukwa",sr214,16,16,10,4,63
1307525540,/mnt/DP_disk2/lyan/hadoop/logs/chukwa/metrics/chukwa-lyan-mapred-1307525359762.log,mapred.tasktracker,sr214, cluster="chukwa",sr214,16,16,10,4,63
1307525549,/mnt/DP_disk2/lyan/hadoop/logs/chukwa/metrics/chukwa-lyan-mapred-1307525359762.log,mapred.tasktracker,sr214, cluster="chukwa",sr214,16,9,10,4,71
1307525559,/mnt/DP_disk2/lyan/hadoop/logs/chukwa/metrics/chukwa-lyan-mapred-1307525359762.log,mapred.tasktracker,sr214, cluster="chukwa",sr214,16,10,10,4,71
1307525569,/mnt/DP_disk2/lyan/hadoop/logs/chukwa/metrics/chukwa-lyan-mapred-1307525359762.log,mapred.tasktracker,sr214, cluster="chukwa",sr214,16,6,10,4,78
1307525579,/mnt/DP_disk2/lyan/hadoop/logs/chukwa/metrics/chukwa-lyan-mapred-1307525359762.log,mapred.tasktracker,sr214, cluster="chukwa",sr214,16,6,10,4,78
1307525589,/mnt/DP_disk2/lyan/hadoop/logs/chukwa/metrics/chukwa-lyan-mapred-1307525359762.log,mapred.tasktracker,sr214, cluster="chukwa",sr214,16,1,10,4,84
1307525599,/mnt/DP_disk2/lyan/hadoop/logs/chukwa/metrics/chukwa-lyan-mapred-1307525359762.log,mapred.tasktracker,sr214, cluster="chukwa",sr214,16,1,10,4,84
1307525609,/mnt/DP_disk2/lyan/hadoop/logs/chukwa/metrics/chukwa-lyan-mapred-1307525359762.log,mapred.tasktracker,sr214, cluster="chukwa",sr214,16,0,10,4,85
1307525619,/mnt/DP_disk2/lyan/hadoop/logs/chukwa/metrics/chukwa-lyan-mapred-1307525359762.log,mapred.tasktracker,sr214, cluster="chukwa",sr214,16,0,10,4,85
1307525629,/mnt/DP_disk2/lyan/hadoop/logs/chukwa/metrics/chukwa-lyan-mapred-1307525359762.log,mapred.tasktracker,sr214, cluster="chukwa",sr214,16,0,10,4,85
1307525639,/mnt/DP_disk2/lyan/hadoop/logs/chukwa/metrics/chukwa-lyan-mapred-1307525359762.log,mapred.tasktracker,sr214, cluster="chukwa",sr214,16,0,10,4,85
1307525649,/mnt/DP_disk2/lyan/hadoop/logs/chukwa/metrics/chukwa-lyan-mapred-1307525359762.log,mapred.tasktracker,sr214, cluster="chukwa",sr214,16,0,10,4,85
1307525659,/mnt/DP_disk2/lyan/hadoop/logs/chukwa/metrics/chukwa-lyan-mapred-1307525359762.log,mapred.tasktracker,sr214, cluster="chukwa",sr214,16,0,10,4,85
1307525669,/mnt/DP_disk2/lyan/hadoop/logs/chukwa/metrics/chukwa-lyan-mapred-1307525359762.log,mapred.tasktracker,sr214, cluster="chukwa",sr214,16,0,10,4,85
1307525679,/mnt/DP_disk2/lyan/hadoop/logs/chukwa/metrics/chukwa-lyan-mapred-1307525359762.log,mapred.tasktracker,sr214, cluster="chukwa",sr214,16,0,10,4,85
1307525689,/mnt/DP_disk2/lyan/hadoop/logs/chukwa/metrics/chukwa-lyan-mapred-1307525359762.log,mapred.tasktracker,sr214, cluster="chukwa",sr214,16,0,10,4,85
1307525699,/mnt/DP_disk2/lyan/hadoop/logs/chukwa/metrics/chukwa-lyan-mapred-1307525359762.log,mapred.tasktracker,sr214, cluster="chukwa",sr214,16,0,10,4,85
1307525709,/mnt/DP_disk2/lyan/hadoop/logs/chukwa/metrics/chukwa-lyan-mapred-1307525359762.log,mapred.tasktracker,sr214, cluster="chukwa",sr214,16,0,10,4,85
1307525719,/mnt/DP_disk2/lyan/hadoop/logs/chukwa/metrics/chukwa-lyan-mapred-1307525359762.log,mapred.tasktracker,sr214, cluster="chukwa",sr214,16,0,10,4,85
1307525729,/mnt/DP_disk2/lyan/hadoop/logs/chukwa/metrics/chukwa-lyan-mapred-1307525359762.log,mapred.tasktracker,sr214, cluster="chukwa",sr214,16,0,10,4,85
1307525739,/mnt/DP_disk2/lyan/hadoop/logs/chukwa/metrics/chukwa-lyan-mapred-1307525359762.log,mapred.tasktracker,sr214, cluster="chukwa",sr214,16,0,10,4,85
1307525749,/mnt/DP_disk2/lyan/hadoop/logs/chukwa/metrics/chukwa-lyan-mapred-1307525359762.log,mapred.tasktracker,sr214, cluster="chukwa",sr214,16,0,10,4,85
1307525759,/mnt/DP_disk2/lyan/hadoop/logs/chukwa/metrics/chukwa-lyan-mapred-1307525359762.log,mapred.tasktracker,sr214, cluster="chukwa",sr214,16,0,10,4,85
1307525769,/mnt/DP_disk2/lyan/hadoop/logs/chukwa/metrics/chukwa-lyan-mapred-1307525359762.log,mapred.tasktracker,sr214, cluster="chukwa",sr214,16,0,10,4,85
1307525779,/mnt/DP_disk2/lyan/hadoop/logs/chukwa/metrics/chukwa-lyan-mapred-1307525359762.log,mapred.tasktracker,sr214, cluster="chukwa",sr214,16,0,10,4,85
1307525789,/mnt/DP_disk2/lyan/hadoop/logs/chukwa/metrics/chukwa-lyan-mapred-1307525359762.log,mapred.tasktracker,sr214, cluster="chukwa",sr214,16,0,10,4,85
1307525799,/mnt/DP_disk2/lyan/hadoop/logs/chukwa/metrics/chukwa-lyan-mapred-1307525359762.log,mapred.tasktracker,sr214, cluster="chukwa",sr214,16,0,10,4,85
1307525809,/mnt/DP_disk2/lyan/hadoop/logs/chukwa/metrics/chukwa-lyan-mapred-1307525359762.log,mapred.tasktracker,sr214, cluster="chukwa",sr214,16,0,10,4,85
1307525819,/mnt/DP_disk2/lyan/hadoop/logs/chukwa/metrics/chukwa-lyan-mapred-1307525359762.log,mapred.tasktracker,sr214, cluster="chukwa",sr214,16,0,10,4,85
1307525829,/mnt/DP_disk2/lyan/hadoop/logs/chukwa/metrics/chukwa-lyan-mapred-1307525359762.log,mapred.tasktracker,sr214, cluster="chukwa",sr214,16,0,10,4,85
1307525839,/mnt/DP_disk2/lyan/hadoop/logs/chukwa/metrics/chukwa-lyan-mapred-1307525359762.log,mapred.tasktracker,sr214, cluster="chukwa",sr214,16,0,10,4,85
1307525849,/mnt/DP_disk2/lyan/hadoop/logs/chukwa/metrics/chukwa-lyan-mapred-1307525359762.log,mapred.tasktracker,sr214, cluster="chukwa",sr214,16,0,10,4,85
1307525859,/mnt/DP_disk2/lyan/hadoop/logs/chukwa/metrics/chukwa-lyan-mapred-1307525359762.log,mapred.tasktracker,sr214, cluster="chukwa",sr214,16,0,10,4,85
1307525869,/mnt/DP_disk2/lyan/hadoop/logs/chukwa/metrics/chukwa-lyan-mapred-1307525359762.log,mapred.tasktracker,sr214, cluster="chukwa",sr214,16,0,10,4,85
1307525879,/mnt/DP_disk2/lyan/hadoop/logs/chukwa/metrics/chukwa-lyan-mapred-1307525359762.log,mapred.tasktracker,sr214, cluster="chukwa",sr214,16,0,10,4,85
1307525889,/mnt/DP_disk2/lyan/hadoop/logs/chukwa/metrics/chukwa-lyan-mapred-1307525359762.log,mapred.tasktracker,sr214, cluster="chukwa",sr214,16,0,10,4,85
1307525899,/mnt/DP_disk2/lyan/hadoop/logs/chukwa/metrics/chukwa-lyan-mapred-1307525359762.log,mapred.tasktracker,sr214, cluster="chukwa",sr214,16,0,10,4,85
1307525909,/mnt/DP_disk2/lyan/hadoop/logs/chukwa/metrics/chukwa-lyan-mapred-1307525359762.log,mapred.tasktracker,sr214, cluster="chukwa",sr214,16,0,10,4,85
1307525919,/mnt/DP_disk2/lyan/hadoop/logs/chukwa/metrics/chukwa-lyan-mapred-1307525359762.log,mapred.tasktracker,sr214, cluster="chukwa",sr214,16,0,10,4,85
1307525929,/mnt/DP_disk2/lyan/hadoop/logs/chukwa/metrics/chukwa-lyan-mapred-1307525359762.log,mapred.tasktracker,sr214, cluster="chukwa",sr214,16,0,10,4,85
1307525939,/mnt/DP_disk2/lyan/hadoop/logs/chukwa/metrics/chukwa-lyan-mapred-1307525359762.log,mapred.tasktracker,sr214, cluster="chukwa",sr214,16,0,10,4,85
1307525949,/mnt/DP_disk2/lyan/hadoop/logs/chukwa/metrics/chukwa-lyan-mapred-1307525359762.log,mapred.tasktracker,sr214, cluster="chukwa",sr214,16,0,10,4,85
1307525959,/mnt/DP_disk2/lyan/hadoop/logs/chukwa/metrics/chukwa-lyan-mapred-1307525359762.log,mapred.tasktracker,sr214, cluster="chukwa",sr214,16,0,10,4,85
1307525969,/mnt/DP_disk2/lyan/hadoop/logs/chukwa/metrics/chukwa-lyan-mapred-1307525359762.log,mapred.tasktracker,sr214, cluster="chukwa",sr214,16,0,10,4,85
1307525979,/mnt/DP_disk2/lyan/hadoop/logs/chukwa/metrics/chukwa-lyan-mapred-1307525359762.log,mapred.tasktracker,sr214, cluster="chukwa",sr214,16,0,10,4,85
1307525989,/mnt/DP_disk2/lyan/hadoop/logs/chukwa/metrics/chukwa-lyan-mapred-1307525359762.log,mapred.tasktracker,sr214, cluster="chukwa",sr214,16,0,10,4,85
1307525999,/mnt/DP_disk2/lyan/hadoop/logs/chukwa/metrics/chukwa-lyan-mapred-1307525359762.log,mapred.tasktracker,sr214, cluster="chukwa",sr214,16,0,10,4,85
1307526009,/mnt/DP_disk2/lyan/hadoop/logs/chukwa/metrics/chukwa-lyan-mapred-1307525359762.log,mapred.tasktracker,sr214, cluster="chukwa",sr214,16,0,10,4,85
1307526019,/mnt/DP_disk2/lyan/hadoop/logs/chukwa/metrics/chukwa-lyan-mapred-1307525359762.log,mapred.tasktracker,sr214, cluster="chukwa",sr214,16,0,10,4,85
1307526029,/mnt/DP_disk2/lyan/hadoop/logs/chukwa/metrics/chukwa-lyan-mapred-1307525359762.log,mapred.tasktracker,sr214, cluster="chukwa",sr214,16,0,10,4,85
1307526039,/mnt/DP_disk2/lyan/hadoop/logs/chukwa/metrics/chukwa-lyan-mapred-1307525359762.log,mapred.tasktracker,sr214, cluster="chukwa",sr214,16,0,10,4,85
1307526049,/mnt/DP_disk2/lyan/hadoop/logs/chukwa/metrics/chukwa-lyan-mapred-1307525359762.log,mapred.tasktracker,sr214, cluster="chukwa",sr214,16,0,10,4,85
1307526059,/mnt/DP_disk2/lyan/hadoop/logs/chukwa/metrics/chukwa-lyan-mapred-1307525359762.log,mapred.tasktracker,sr214, cluster="chukwa",sr214,16,0,10,4,85
1307526069,/mnt/DP_disk2/lyan/hadoop/logs/chukwa/metrics/chukwa-lyan-mapred-1307525359762.log,mapred.tasktracker,sr214, cluster="chukwa",sr214,16,0,10,3,86
1307526079,/mnt/DP_disk2/lyan/hadoop/logs/chukwa/metrics/chukwa-lyan-mapred-1307525359762.log,mapred.tasktracker,sr214, cluster="chukwa",sr214,16,0,10,2,87
1307526089,/mnt/DP_disk2/lyan/hadoop/logs/chukwa/metrics/chukwa-lyan-mapred-1307525359762.log,mapred.tasktracker,sr214, cluster="chukwa",sr214,16,0,10,0,89
1307525439,/mnt/DP_disk2/lyan/hadoop/logs/chukwa/metrics/chukwa-lyan-mapred-1307525359830.log,mapred.tasktracker,sr215, cluster="chukwa",sr215,16,16,10,0,0
1307525449,/mnt/DP_disk2/lyan/hadoop/logs/chukwa/metrics/chukwa-lyan-mapred-1307525359830.log,mapred.tasktracker,sr215, cluster="chukwa",sr215,16,16,10,0,0
1307525459,/mnt/DP_disk2/lyan/hadoop/logs/chukwa/metrics/chukwa-lyan-mapred-1307525359830.log,mapred.tasktracker,sr215, cluster="chukwa",sr215,16,15,10,2,17
1307525469,/mnt/DP_disk2/lyan/hadoop/logs/chukwa/metrics/chukwa-lyan-mapred-1307525359830.log,mapred.tasktracker,sr215, cluster="chukwa",sr215,16,16,10,4,20
1307525480,/mnt/DP_disk2/lyan/hadoop/logs/chukwa/metrics/chukwa-lyan-mapred-1307525359830.log,mapred.tasktracker,sr215, cluster="chukwa",sr215,16,16,10,4,33
1307525493,/mnt/DP_disk2/lyan/hadoop/logs/chukwa/metrics/chukwa-lyan-mapred-1307525359830.log,mapred.tasktracker,sr215, cluster="chukwa",sr215,16,16,10,4,36
1307525499,/mnt/DP_disk2/lyan/hadoop/logs/chukwa/metrics/chukwa-lyan-mapred-1307525359830.log,mapred.tasktracker,sr215, cluster="chukwa",sr215,16,16,10,4,51
1307525510,/mnt/DP_disk2/lyan/hadoop/logs/chukwa/metrics/chukwa-lyan-mapred-1307525359830.log,mapred.tasktracker,sr215, cluster="chukwa",sr215,16,16,10,4,51
1307525519,/mnt/DP_disk2/lyan/hadoop/logs/chukwa/metrics/chukwa-lyan-mapred-1307525359830.log,mapred.tasktracker,sr215, cluster="chukwa",sr215,16,16,10,4,51
1307525529,/mnt/DP_disk2/lyan/hadoop/logs/chukwa/metrics/chukwa-lyan-mapred-1307525359830.log,mapred.tasktracker,sr215, cluster="chukwa",sr215,16,16,10,4,56
1307525543,/mnt/DP_disk2/lyan/hadoop/logs/chukwa/metrics/chukwa-lyan-mapred-1307525359830.log,mapred.tasktracker,sr215, cluster="chukwa",sr215,16,16,10,4,63
1307525554,/mnt/DP_disk2/lyan/hadoop/logs/chukwa/metrics/chukwa-lyan-mapred-1307525359830.log,mapred.tasktracker,sr215, cluster="chukwa",sr215,16,16,10,4,63
1307525559,/mnt/DP_disk2/lyan/hadoop/logs/chukwa/metrics/chukwa-lyan-mapred-1307525359830.log,mapred.tasktracker,sr215, cluster="chukwa",sr215,16,5,10,4,75
1307525570,/mnt/DP_disk2/lyan/hadoop/logs/chukwa/metrics/chukwa-lyan-mapred-1307525359830.log,mapred.tasktracker,sr215, cluster="chukwa",sr215,16,4,10,4,78
1307525581,/mnt/DP_disk2/lyan/hadoop/logs/chukwa/metrics/chukwa-lyan-mapred-1307525359830.log,mapred.tasktracker,sr215, cluster="chukwa",sr215,16,3,10,4,81
1307525589,/mnt/DP_disk2/lyan/hadoop/logs/chukwa/metrics/chukwa-lyan-mapred-1307525359830.log,mapred.tasktracker,sr215, cluster="chukwa",sr215,16,1,10,4,83
1307525599,/mnt/DP_disk2/lyan/hadoop/logs/chukwa/metrics/chukwa-lyan-mapred-1307525359830.log,mapred.tasktracker,sr215, cluster="chukwa",sr215,16,1,10,4,83
1307525609,/mnt/DP_disk2/lyan/hadoop/logs/chukwa/metrics/chukwa-lyan-mapred-1307525359830.log,mapred.tasktracker,sr215, cluster="chukwa",sr215,16,0,10,4,85
1307525619,/mnt/DP_disk2/lyan/hadoop/logs/chukwa/metrics/chukwa-lyan-mapred-1307525359830.log,mapred.tasktracker,sr215, cluster="chukwa",sr215,16,0,10,4,85
1307525629,/mnt/DP_disk2/lyan/hadoop/logs/chukwa/metrics/chukwa-lyan-mapred-1307525359830.log,mapred.tasktracker,sr215, cluster="chukwa",sr215,16,0,10,4,85
1307525639,/mnt/DP_disk2/lyan/hadoop/logs/chukwa/metrics/chukwa-lyan-mapred-1307525359830.log,mapred.tasktracker,sr215, cluster="chukwa",sr215,16,0,10,4,85
1307525649,/mnt/DP_disk2/lyan/hadoop/logs/chukwa/metrics/chukwa-lyan-mapred-1307525359830.log,mapred.tasktracker,sr215, cluster="chukwa",sr215,16,0,10,4,85
1307525659,/mnt/DP_disk2/lyan/hadoop/logs/chukwa/metrics/chukwa-lyan-mapred-1307525359830.log,mapred.tasktracker,sr215, cluster="chukwa",sr215,16,0,10,4,85
1307525669,/mnt/DP_disk2/lyan/hadoop/logs/chukwa/metrics/chukwa-lyan-mapred-1307525359830.log,mapred.tasktracker,sr215, cluster="chukwa",sr215,16,0,10,4,85
1307525679,/mnt/DP_disk2/lyan/hadoop/logs/chukwa/metrics/chukwa-lyan-mapred-1307525359830.log,mapred.tasktracker,sr215, cluster="chukwa",sr215,16,0,10,4,85
1307525689,/mnt/DP_disk2/lyan/hadoop/logs/chukwa/metrics/chukwa-lyan-mapred-1307525359830.log,mapred.tasktracker,sr215, cluster="chukwa",sr215,16,0,10,4,85
1307525699,/mnt/DP_disk2/lyan/hadoop/logs/chukwa/metrics/chukwa-lyan-mapred-1307525359830.log,mapred.tasktracker,sr215, cluster="chukwa",sr215,16,0,10,4,85
1307525709,/mnt/DP_disk2/lyan/hadoop/logs/chukwa/metrics/chukwa-lyan-mapred-1307525359830.log,mapred.tasktracker,sr215, cluster="chukwa",sr215,16,0,10,4,85
1307525719,/mnt/DP_disk2/lyan/hadoop/logs/chukwa/metrics/chukwa-lyan-mapred-1307525359830.log,mapred.tasktracker,sr215, cluster="chukwa",sr215,16,0,10,4,85
1307525729,/mnt/DP_disk2/lyan/hadoop/logs/chukwa/metrics/chukwa-lyan-mapred-1307525359830.log,mapred.tasktracker,sr215, cluster="chukwa",sr215,16,0,10,4,85
1307525739,/mnt/DP_disk2/lyan/hadoop/logs/chukwa/metrics/chukwa-lyan-mapred-1307525359830.log,mapred.tasktracker,sr215, cluster="chukwa",sr215,16,0,10,4,85
1307525749,/mnt/DP_disk2/lyan/hadoop/logs/chukwa/metrics/chukwa-lyan-mapred-1307525359830.log,mapred.tasktracker,sr215, cluster="chukwa",sr215,16,0,10,4,85
1307525759,/mnt/DP_disk2/lyan/hadoop/logs/chukwa/metrics/chukwa-lyan-mapred-1307525359830.log,mapred.tasktracker,sr215, cluster="chukwa",sr215,16,0,10,4,85
1307525769,/mnt/DP_disk2/lyan/hadoop/logs/chukwa/metrics/chukwa-lyan-mapred-1307525359830.log,mapred.tasktracker,sr215, cluster="chukwa",sr215,16,0,10,4,85
1307525779,/mnt/DP_disk2/lyan/hadoop/logs/chukwa/metrics/chukwa-lyan-mapred-1307525359830.log,mapred.tasktracker,sr215, cluster="chukwa",sr215,16,0,10,4,85
1307525789,/mnt/DP_disk2/lyan/hadoop/logs/chukwa/metrics/chukwa-lyan-mapred-1307525359830.log,mapred.tasktracker,sr215, cluster="chukwa",sr215,16,0,10,4,85
1307525799,/mnt/DP_disk2/lyan/hadoop/logs/chukwa/metrics/chukwa-lyan-mapred-1307525359830.log,mapred.tasktracker,sr215, cluster="chukwa",sr215,16,0,10,4,85
1307525809,/mnt/DP_disk2/lyan/hadoop/logs/chukwa/metrics/chukwa-lyan-mapred-1307525359830.log,mapred.tasktracker,sr215, cluster="chukwa",sr215,16,0,10,4,85
1307525819,/mnt/DP_disk2/lyan/hadoop/logs/chukwa/metrics/chukwa-lyan-mapred-1307525359830.log,mapred.tasktracker,sr215, cluster="chukwa",sr215,16,0,10,4,85
1307525829,/mnt/DP_disk2/lyan/hadoop/logs/chukwa/metrics/chukwa-lyan-mapred-1307525359830.log,mapred.tasktracker,sr215, cluster="chukwa",sr215,16,0,10,4,85
1307525839,/mnt/DP_disk2/lyan/hadoop/logs/chukwa/metrics/chukwa-lyan-mapred-1307525359830.log,mapred.tasktracker,sr215, cluster="chukwa",sr215,16,0,10,4,85
1307525849,/mnt/DP_disk2/lyan/hadoop/logs/chukwa/metrics/chukwa-lyan-mapred-1307525359830.log,mapred.tasktracker,sr215, cluster="chukwa",sr215,16,0,10,4,85
1307525859,/mnt/DP_disk2/lyan/hadoop/logs/chukwa/metrics/chukwa-lyan-mapred-1307525359830.log,mapred.tasktracker,sr215, cluster="chukwa",sr215,16,0,10,4,85
1307525869,/mnt/DP_disk2/lyan/hadoop/logs/chukwa/metrics/chukwa-lyan-mapred-1307525359830.log,mapred.tasktracker,sr215, cluster="chukwa",sr215,16,0,10,4,85
1307525879,/mnt/DP_disk2/lyan/hadoop/logs/chukwa/metrics/chukwa-lyan-mapred-1307525359830.log,mapred.tasktracker,sr215, cluster="chukwa",sr215,16,0,10,4,85
1307525889,/mnt/DP_disk2/lyan/hadoop/logs/chukwa/metrics/chukwa-lyan-mapred-1307525359830.log,mapred.tasktracker,sr215, cluster="chukwa",sr215,16,0,10,4,85
1307525899,/mnt/DP_disk2/lyan/hadoop/logs/chukwa/metrics/chukwa-lyan-mapred-1307525359830.log,mapred.tasktracker,sr215, cluster="chukwa",sr215,16,0,10,4,85
1307525909,/mnt/DP_disk2/lyan/hadoop/logs/chukwa/metrics/chukwa-lyan-mapred-1307525359830.log,mapred.tasktracker,sr215, cluster="chukwa",sr215,16,0,10,4,85
1307525919,/mnt/DP_disk2/lyan/hadoop/logs/chukwa/metrics/chukwa-lyan-mapred-1307525359830.log,mapred.tasktracker,sr215, cluster="chukwa",sr215,16,0,10,4,85
1307525929,/mnt/DP_disk2/lyan/hadoop/logs/chukwa/metrics/chukwa-lyan-mapred-1307525359830.log,mapred.tasktracker,sr215, cluster="chukwa",sr215,16,0,10,4,85
1307525939,/mnt/DP_disk2/lyan/hadoop/logs/chukwa/metrics/chukwa-lyan-mapred-1307525359830.log,mapred.tasktracker,sr215, cluster="chukwa",sr215,16,0,10,4,85
1307525949,/mnt/DP_disk2/lyan/hadoop/logs/chukwa/metrics/chukwa-lyan-mapred-1307525359830.log,mapred.tasktracker,sr215, cluster="chukwa",sr215,16,0,10,4,85
1307525959,/mnt/DP_disk2/lyan/hadoop/logs/chukwa/metrics/chukwa-lyan-mapred-1307525359830.log,mapred.tasktracker,sr215, cluster="chukwa",sr215,16,0,10,4,85
1307525969,/mnt/DP_disk2/lyan/hadoop/logs/chukwa/metrics/chukwa-lyan-mapred-1307525359830.log,mapred.tasktracker,sr215, cluster="chukwa",sr215,16,0,10,4,85
1307525979,/mnt/DP_disk2/lyan/hadoop/logs/chukwa/metrics/chukwa-lyan-mapred-1307525359830.log,mapred.tasktracker,sr215, cluster="chukwa",sr215,16,0,10,4,85
1307525989,/mnt/DP_disk2/lyan/hadoop/logs/chukwa/metrics/chukwa-lyan-mapred-1307525359830.log,mapred.tasktracker,sr215, cluster="chukwa",sr215,16,0,10,4,85
1307525999,/mnt/DP_disk2/lyan/hadoop/logs/chukwa/metrics/chukwa-lyan-mapred-1307525359830.log,mapred.tasktracker,sr215, cluster="chukwa",sr215,16,0,10,4,85
1307526009,/mnt/DP_disk2/lyan/hadoop/logs/chukwa/metrics/chukwa-lyan-mapred-1307525359830.log,mapred.tasktracker,sr215, cluster="chukwa",sr215,16,0,10,4,85
1307526019,/mnt/DP_disk2/lyan/hadoop/logs/chukwa/metrics/chukwa-lyan-mapred-1307525359830.log,mapred.tasktracker,sr215, cluster="chukwa",sr215,16,0,10,4,85
1307526029,/mnt/DP_disk2/lyan/hadoop/logs/chukwa/metrics/chukwa-lyan-mapred-1307525359830.log,mapred.tasktracker,sr215, cluster="chukwa",sr215,16,0,10,4,85
1307526039,/mnt/DP_disk2/lyan/hadoop/logs/chukwa/metrics/chukwa-lyan-mapred-1307525359830.log,mapred.tasktracker,sr215, cluster="chukwa",sr215,16,0,10,4,85
1307526049,/mnt/DP_disk2/lyan/hadoop/logs/chukwa/metrics/chukwa-lyan-mapred-1307525359830.log,mapred.tasktracker,sr215, cluster="chukwa",sr215,16,0,10,3,86
1307526059,/mnt/DP_disk2/lyan/hadoop/logs/chukwa/metrics/chukwa-lyan-mapred-1307525359830.log,mapred.tasktracker,sr215, cluster="chukwa",sr215,16,0,10,2,87
1307526069,/mnt/DP_disk2/lyan/hadoop/logs/chukwa/metrics/chukwa-lyan-mapred-1307525359830.log,mapred.tasktracker,sr215, cluster="chukwa",sr215,16,0,10,0,89
1307526079,/mnt/DP_disk2/lyan/hadoop/logs/chukwa/metrics/chukwa-lyan-mapred-1307525359830.log,mapred.tasktracker,sr215, cluster="chukwa",sr215,16,0,10,0,89
1307526089,/mnt/DP_disk2/lyan/hadoop/logs/chukwa/metrics/chukwa-lyan-mapred-1307525359830.log,mapred.tasktracker,sr215, cluster="chukwa",sr215,16,0,10,0,89
1307525439,/mnt/DP_disk2/lyan/hadoop/logs/chukwa/metrics/chukwa-lyan-mapred-1307525359861.log,mapred.tasktracker,sr216, cluster="chukwa",sr216,16,16,10,0,0
1307525451,/mnt/DP_disk2/lyan/hadoop/logs/chukwa/metrics/chukwa-lyan-mapred-1307525359861.log,mapred.tasktracker,sr216, cluster="chukwa",sr216,16,16,10,0,3
1307525465,/mnt/DP_disk2/lyan/hadoop/logs/chukwa/metrics/chukwa-lyan-mapred-1307525359861.log,mapred.tasktracker,sr216, cluster="chukwa",sr216,16,16,10,3,12
1307525469,/mnt/DP_disk2/lyan/hadoop/logs/chukwa/metrics/chukwa-lyan-mapred-1307525359861.log,mapred.tasktracker,sr216, cluster="chukwa",sr216,16,16,10,4,21
1307525479,/mnt/DP_disk2/lyan/hadoop/logs/chukwa/metrics/chukwa-lyan-mapred-1307525359861.log,mapred.tasktracker,sr216, cluster="chukwa",sr216,16,16,10,4,27
1307525489,/mnt/DP_disk2/lyan/hadoop/logs/chukwa/metrics/chukwa-lyan-mapred-1307525359861.log,mapred.tasktracker,sr216, cluster="chukwa",sr216,16,16,10,4,40
1307525499,/mnt/DP_disk2/lyan/hadoop/logs/chukwa/metrics/chukwa-lyan-mapred-1307525359861.log,mapred.tasktracker,sr216, cluster="chukwa",sr216,16,16,10,4,44
1307525509,/mnt/DP_disk2/lyan/hadoop/logs/chukwa/metrics/chukwa-lyan-mapred-1307525359861.log,mapred.tasktracker,sr216, cluster="chukwa",sr216,16,16,10,4,44
1307525519,/mnt/DP_disk2/lyan/hadoop/logs/chukwa/metrics/chukwa-lyan-mapred-1307525359861.log,mapred.tasktracker,sr216, cluster="chukwa",sr216,16,16,10,4,55
1307525529,/mnt/DP_disk2/lyan/hadoop/logs/chukwa/metrics/chukwa-lyan-mapred-1307525359861.log,mapred.tasktracker,sr216, cluster="chukwa",sr216,16,16,10,4,56
1307525597,/mnt/DP_disk2/lyan/hadoop/logs/chukwa/metrics/chukwa-lyan-mapred-1307525359861.log,mapred.tasktracker,sr216, cluster="chukwa",sr216,16,16,10,4,56
1307525597,/mnt/DP_disk2/lyan/hadoop/logs/chukwa/metrics/chukwa-lyan-mapred-1307525359861.log,mapred.tasktracker,sr216, cluster="chukwa",sr216,16,16,10,4,56
1307525597,/mnt/DP_disk2/lyan/hadoop/logs/chukwa/metrics/chukwa-lyan-mapred-1307525359861.log,mapred.tasktracker,sr216, cluster="chukwa",sr216,16,16,10,4,56
1307525597,/mnt/DP_disk2/lyan/hadoop/logs/chukwa/metrics/chukwa-lyan-mapred-1307525359861.log,mapred.tasktracker,sr216, cluster="chukwa",sr216,16,16,10,4,56
1307525597,/mnt/DP_disk2/lyan/hadoop/logs/chukwa/metrics/chukwa-lyan-mapred-1307525359861.log,mapred.tasktracker,sr216, cluster="chukwa",sr216,16,16,10,4,56
1307525597,/mnt/DP_disk2/lyan/hadoop/logs/chukwa/metrics/chukwa-lyan-mapred-1307525359861.log,mapred.tasktracker,sr216, cluster="chukwa",sr216,16,16,10,4,56
1307525602,/mnt/DP_disk2/lyan/hadoop/logs/chukwa/metrics/chukwa-lyan-mapred-1307525359861.log,mapred.tasktracker,sr216, cluster="chukwa",sr216,16,10,10,4,62
1307525609,/mnt/DP_disk2/lyan/hadoop/logs/chukwa/metrics/chukwa-lyan-mapred-1307525359861.log,mapred.tasktracker,sr216, cluster="chukwa",sr216,16,1,10,4,72
1307525619,/mnt/DP_disk2/lyan/hadoop/logs/chukwa/metrics/chukwa-lyan-mapred-1307525359861.log,mapred.tasktracker,sr216, cluster="chukwa",sr216,16,1,10,4,72
1307525629,/mnt/DP_disk2/lyan/hadoop/logs/chukwa/metrics/chukwa-lyan-mapred-1307525359861.log,mapred.tasktracker,sr216, cluster="chukwa",sr216,16,1,10,4,72
1307525653,/mnt/DP_disk2/lyan/hadoop/logs/chukwa/metrics/chukwa-lyan-mapred-1307525359861.log,mapred.tasktracker,sr216, cluster="chukwa",sr216,16,1,10,4,72
1307525653,/mnt/DP_disk2/lyan/hadoop/logs/chukwa/metrics/chukwa-lyan-mapred-1307525359861.log,mapred.tasktracker,sr216, cluster="chukwa",sr216,16,1,10,4,72
1307525659,/mnt/DP_disk2/lyan/hadoop/logs/chukwa/metrics/chukwa-lyan-mapred-1307525359861.log,mapred.tasktracker,sr216, cluster="chukwa",sr216,16,1,10,4,72
1307525669,/mnt/DP_disk2/lyan/hadoop/logs/chukwa/metrics/chukwa-lyan-mapred-1307525359861.log,mapred.tasktracker,sr216, cluster="chukwa",sr216,16,0,10,4,73
1307525679,/mnt/DP_disk2/lyan/hadoop/logs/chukwa/metrics/chukwa-lyan-mapred-1307525359861.log,mapred.tasktracker,sr216, cluster="chukwa",sr216,16,0,10,4,73
1307525689,/mnt/DP_disk2/lyan/hadoop/logs/chukwa/metrics/chukwa-lyan-mapred-1307525359861.log,mapred.tasktracker,sr216, cluster="chukwa",sr216,16,0,10,4,73
1307525699,/mnt/DP_disk2/lyan/hadoop/logs/chukwa/metrics/chukwa-lyan-mapred-1307525359861.log,mapred.tasktracker,sr216, cluster="chukwa",sr216,16,0,10,4,73
1307525709,/mnt/DP_disk2/lyan/hadoop/logs/chukwa/metrics/chukwa-lyan-mapred-1307525359861.log,mapred.tasktracker,sr216, cluster="chukwa",sr216,16,0,10,4,73
1307525719,/mnt/DP_disk2/lyan/hadoop/logs/chukwa/metrics/chukwa-lyan-mapred-1307525359861.log,mapred.tasktracker,sr216, cluster="chukwa",sr216,16,0,10,4,73
1307525729,/mnt/DP_disk2/lyan/hadoop/logs/chukwa/metrics/chukwa-lyan-mapred-1307525359861.log,mapred.tasktracker,sr216, cluster="chukwa",sr216,16,0,10,4,73
1307525739,/mnt/DP_disk2/lyan/hadoop/logs/chukwa/metrics/chukwa-lyan-mapred-1307525359861.log,mapred.tasktracker,sr216, cluster="chukwa",sr216,16,0,10,4,73
1307525749,/mnt/DP_disk2/lyan/hadoop/logs/chukwa/metrics/chukwa-lyan-mapred-1307525359861.log,mapred.tasktracker,sr216, cluster="chukwa",sr216,16,0,10,4,73
1307525759,/mnt/DP_disk2/lyan/hadoop/logs/chukwa/metrics/chukwa-lyan-mapred-1307525359861.log,mapred.tasktracker,sr216, cluster="chukwa",sr216,16,0,10,4,73
1307525769,/mnt/DP_disk2/lyan/hadoop/logs/chukwa/metrics/chukwa-lyan-mapred-1307525359861.log,mapred.tasktracker,sr216, cluster="chukwa",sr216,16,0,10,4,73
1307525779,/mnt/DP_disk2/lyan/hadoop/logs/chukwa/metrics/chukwa-lyan-mapred-1307525359861.log,mapred.tasktracker,sr216, cluster="chukwa",sr216,16,0,10,4,73
1307525789,/mnt/DP_disk2/lyan/hadoop/logs/chukwa/metrics/chukwa-lyan-mapred-1307525359861.log,mapred.tasktracker,sr216, cluster="chukwa",sr216,16,0,10,4,73
1307525799,/mnt/DP_disk2/lyan/hadoop/logs/chukwa/metrics/chukwa-lyan-mapred-1307525359861.log,mapred.tasktracker,sr216, cluster="chukwa",sr216,16,0,10,4,73
1307525809,/mnt/DP_disk2/lyan/hadoop/logs/chukwa/metrics/chukwa-lyan-mapred-1307525359861.log,mapred.tasktracker,sr216, cluster="chukwa",sr216,16,0,10,4,73
1307525819,/mnt/DP_disk2/lyan/hadoop/logs/chukwa/metrics/chukwa-lyan-mapred-1307525359861.log,mapred.tasktracker,sr216, cluster="chukwa",sr216,16,0,10,4,73
1307525829,/mnt/DP_disk2/lyan/hadoop/logs/chukwa/metrics/chukwa-lyan-mapred-1307525359861.log,mapred.tasktracker,sr216, cluster="chukwa",sr216,16,0,10,4,73
1307525839,/mnt/DP_disk2/lyan/hadoop/logs/chukwa/metrics/chukwa-lyan-mapred-1307525359861.log,mapred.tasktracker,sr216, cluster="chukwa",sr216,16,0,10,4,73
1307525849,/mnt/DP_disk2/lyan/hadoop/logs/chukwa/metrics/chukwa-lyan-mapred-1307525359861.log,mapred.tasktracker,sr216, cluster="chukwa",sr216,16,0,10,4,73
1307525859,/mnt/DP_disk2/lyan/hadoop/logs/chukwa/metrics/chukwa-lyan-mapred-1307525359861.log,mapred.tasktracker,sr216, cluster="chukwa",sr216,16,0,10,4,73
1307525869,/mnt/DP_disk2/lyan/hadoop/logs/chukwa/metrics/chukwa-lyan-mapred-1307525359861.log,mapred.tasktracker,sr216, cluster="chukwa",sr216,16,0,10,4,73
1307525879,/mnt/DP_disk2/lyan/hadoop/logs/chukwa/metrics/chukwa-lyan-mapred-1307525359861.log,mapred.tasktracker,sr216, cluster="chukwa",sr216,16,0,10,4,73
1307525889,/mnt/DP_disk2/lyan/hadoop/logs/chukwa/metrics/chukwa-lyan-mapred-1307525359861.log,mapred.tasktracker,sr216, cluster="chukwa",sr216,16,0,10,4,73
1307525899,/mnt/DP_disk2/lyan/hadoop/logs/chukwa/metrics/chukwa-lyan-mapred-1307525359861.log,mapred.tasktracker,sr216, cluster="chukwa",sr216,16,0,10,4,73
1307525909,/mnt/DP_disk2/lyan/hadoop/logs/chukwa/metrics/chukwa-lyan-mapred-1307525359861.log,mapred.tasktracker,sr216, cluster="chukwa",sr216,16,0,10,4,73
1307525919,/mnt/DP_disk2/lyan/hadoop/logs/chukwa/metrics/chukwa-lyan-mapred-1307525359861.log,mapred.tasktracker,sr216, cluster="chukwa",sr216,16,0,10,4,73
1307525929,/mnt/DP_disk2/lyan/hadoop/logs/chukwa/metrics/chukwa-lyan-mapred-1307525359861.log,mapred.tasktracker,sr216, cluster="chukwa",sr216,16,0,10,4,73
1307525939,/mnt/DP_disk2/lyan/hadoop/logs/chukwa/metrics/chukwa-lyan-mapred-1307525359861.log,mapred.tasktracker,sr216, cluster="chukwa",sr216,16,0,10,4,73
1307525949,/mnt/DP_disk2/lyan/hadoop/logs/chukwa/metrics/chukwa-lyan-mapred-1307525359861.log,mapred.tasktracker,sr216, cluster="chukwa",sr216,16,0,10,4,73
1307525959,/mnt/DP_disk2/lyan/hadoop/logs/chukwa/metrics/chukwa-lyan-mapred-1307525359861.log,mapred.tasktracker,sr216, cluster="chukwa",sr216,16,0,10,4,73
1307525969,/mnt/DP_disk2/lyan/hadoop/logs/chukwa/metrics/chukwa-lyan-mapred-1307525359861.log,mapred.tasktracker,sr216, cluster="chukwa",sr216,16,0,10,4,73
1307525979,/mnt/DP_disk2/lyan/hadoop/logs/chukwa/metrics/chukwa-lyan-mapred-1307525359861.log,mapred.tasktracker,sr216, cluster="chukwa",sr216,16,0,10,4,73
1307525989,/mnt/DP_disk2/lyan/hadoop/logs/chukwa/metrics/chukwa-lyan-mapred-1307525359861.log,mapred.tasktracker,sr216, cluster="chukwa",sr216,16,0,10,4,73
1307525999,/mnt/DP_disk2/lyan/hadoop/logs/chukwa/metrics/chukwa-lyan-mapred-1307525359861.log,mapred.tasktracker,sr216, cluster="chukwa",sr216,16,0,10,4,73
1307526009,/mnt/DP_disk2/lyan/hadoop/logs/chukwa/metrics/chukwa-lyan-mapred-1307525359861.log,mapred.tasktracker,sr216, cluster="chukwa",sr216,16,0,10,4,73
1307526019,/mnt/DP_disk2/lyan/hadoop/logs/chukwa/metrics/chukwa-lyan-mapred-1307525359861.log,mapred.tasktracker,sr216, cluster="chukwa",sr216,16,0,10,4,73
1307526029,/mnt/DP_disk2/lyan/hadoop/logs/chukwa/metrics/chukwa-lyan-mapred-1307525359861.log,mapred.tasktracker,sr216, cluster="chukwa",sr216,16,0,10,4,73
1307526039,/mnt/DP_disk2/lyan/hadoop/logs/chukwa/metrics/chukwa-lyan-mapred-1307525359861.log,mapred.tasktracker,sr216, cluster="chukwa",sr216,16,0,10,4,73
1307526049,/mnt/DP_disk2/lyan/hadoop/logs/chukwa/metrics/chukwa-lyan-mapred-1307525359861.log,mapred.tasktracker,sr216, cluster="chukwa",sr216,16,0,10,4,73
1307526059,/mnt/DP_disk2/lyan/hadoop/logs/chukwa/metrics/chukwa-lyan-mapred-1307525359861.log,mapred.tasktracker,sr216, cluster="chukwa",sr216,16,0,10,4,73
1307526069,/mnt/DP_disk2/lyan/hadoop/logs/chukwa/metrics/chukwa-lyan-mapred-1307525359861.log,mapred.tasktracker,sr216, cluster="chukwa",sr216,16,0,10,4,73
1307526079,/mnt/DP_disk2/lyan/hadoop/logs/chukwa/metrics/chukwa-lyan-mapred-1307525359861.log,mapred.tasktracker,sr216, cluster="chukwa",sr216,16,0,10,3,74
1307526089,/mnt/DP_disk2/lyan/hadoop/logs/chukwa/metrics/chukwa-lyan-mapred-1307525359861.log,mapred.tasktracker,sr216, cluster="chukwa",sr216,16,0,10,1,76
1307525439,/mnt/DP_disk2/lyan/hadoop/logs/chukwa/metrics/chukwa-lyan-mapred-1307525359781.log,mapred.tasktracker,sr217, cluster="chukwa",sr217,16,16,10,0,0
1307525449,/mnt/DP_disk2/lyan/hadoop/logs/chukwa/metrics/chukwa-lyan-mapred-1307525359781.log,mapred.tasktracker,sr217, cluster="chukwa",sr217,16,16,10,0,0
1307525459,/mnt/DP_disk2/lyan/hadoop/logs/chukwa/metrics/chukwa-lyan-mapred-1307525359781.log,mapred.tasktracker,sr217, cluster="chukwa",sr217,16,16,10,3,15
1307525472,/mnt/DP_disk2/lyan/hadoop/logs/chukwa/metrics/chukwa-lyan-mapred-1307525359781.log,mapred.tasktracker,sr217, cluster="chukwa",sr217,16,16,10,4,20
1307525479,/mnt/DP_disk2/lyan/hadoop/logs/chukwa/metrics/chukwa-lyan-mapred-1307525359781.log,mapred.tasktracker,sr217, cluster="chukwa",sr217,16,16,10,4,33
1307525489,/mnt/DP_disk2/lyan/hadoop/logs/chukwa/metrics/chukwa-lyan-mapred-1307525359781.log,mapred.tasktracker,sr217, cluster="chukwa",sr217,16,16,10,4,41
1307525499,/mnt/DP_disk2/lyan/hadoop/logs/chukwa/metrics/chukwa-lyan-mapred-1307525359781.log,mapred.tasktracker,sr217, cluster="chukwa",sr217,16,16,10,4,47
1307525509,/mnt/DP_disk2/lyan/hadoop/logs/chukwa/metrics/chukwa-lyan-mapred-1307525359781.log,mapred.tasktracker,sr217, cluster="chukwa",sr217,16,16,10,4,52
1307525519,/mnt/DP_disk2/lyan/hadoop/logs/chukwa/metrics/chukwa-lyan-mapred-1307525359781.log,mapred.tasktracker,sr217, cluster="chukwa",sr217,16,16,10,4,55
1307525529,/mnt/DP_disk2/lyan/hadoop/logs/chukwa/metrics/chukwa-lyan-mapred-1307525359781.log,mapred.tasktracker,sr217, cluster="chukwa",sr217,16,16,10,4,64
1307525539,/mnt/DP_disk2/lyan/hadoop/logs/chukwa/metrics/chukwa-lyan-mapred-1307525359781.log,mapred.tasktracker,sr217, cluster="chukwa",sr217,16,16,10,4,67
1307525549,/mnt/DP_disk2/lyan/hadoop/logs/chukwa/metrics/chukwa-lyan-mapred-1307525359781.log,mapred.tasktracker,sr217, cluster="chukwa",sr217,16,16,10,4,70
1307525564,/mnt/DP_disk2/lyan/hadoop/logs/chukwa/metrics/chukwa-lyan-mapred-1307525359781.log,mapred.tasktracker,sr217, cluster="chukwa",sr217,16,13,10,4,73
1307525569,/mnt/DP_disk2/lyan/hadoop/logs/chukwa/metrics/chukwa-lyan-mapred-1307525359781.log,mapred.tasktracker,sr217, cluster="chukwa",sr217,16,3,10,4,85
1307525579,/mnt/DP_disk2/lyan/hadoop/logs/chukwa/metrics/chukwa-lyan-mapred-1307525359781.log,mapred.tasktracker,sr217, cluster="chukwa",sr217,16,3,10,4,86
1307525589,/mnt/DP_disk2/lyan/hadoop/logs/chukwa/metrics/chukwa-lyan-mapred-1307525359781.log,mapred.tasktracker,sr217, cluster="chukwa",sr217,16,3,10,4,87
1307525599,/mnt/DP_disk2/lyan/hadoop/logs/chukwa/metrics/chukwa-lyan-mapred-1307525359781.log,mapred.tasktracker,sr217, cluster="chukwa",sr217,16,1,10,4,89
1307525609,/mnt/DP_disk2/lyan/hadoop/logs/chukwa/metrics/chukwa-lyan-mapred-1307525359781.log,mapred.tasktracker,sr217, cluster="chukwa",sr217,16,0,10,4,91
1307525619,/mnt/DP_disk2/lyan/hadoop/logs/chukwa/metrics/chukwa-lyan-mapred-1307525359781.log,mapred.tasktracker,sr217, cluster="chukwa",sr217,16,0,10,4,91
1307525629,/mnt/DP_disk2/lyan/hadoop/logs/chukwa/metrics/chukwa-lyan-mapred-1307525359781.log,mapred.tasktracker,sr217, cluster="chukwa",sr217,16,0,10,4,91
1307525639,/mnt/DP_disk2/lyan/hadoop/logs/chukwa/metrics/chukwa-lyan-mapred-1307525359781.log,mapred.tasktracker,sr217, cluster="chukwa",sr217,16,0,10,4,91
1307525649,/mnt/DP_disk2/lyan/hadoop/logs/chukwa/metrics/chukwa-lyan-mapred-1307525359781.log,mapred.tasktracker,sr217, cluster="chukwa",sr217,16,0,10,4,91
1307525659,/mnt/DP_disk2/lyan/hadoop/logs/chukwa/metrics/chukwa-lyan-mapred-1307525359781.log,mapred.tasktracker,sr217, cluster="chukwa",sr217,16,0,10,4,91
1307525669,/mnt/DP_disk2/lyan/hadoop/logs/chukwa/metrics/chukwa-lyan-mapred-1307525359781.log,mapred.tasktracker,sr217, cluster="chukwa",sr217,16,0,10,4,91
1307525679,/mnt/DP_disk2/lyan/hadoop/logs/chukwa/metrics/chukwa-lyan-mapred-1307525359781.log,mapred.tasktracker,sr217, cluster="chukwa",sr217,16,0,10,4,91
1307525689,/mnt/DP_disk2/lyan/hadoop/logs/chukwa/metrics/chukwa-lyan-mapred-1307525359781.log,mapred.tasktracker,sr217, cluster="chukwa",sr217,16,0,10,4,91
1307525699,/mnt/DP_disk2/lyan/hadoop/logs/chukwa/metrics/chukwa-lyan-mapred-1307525359781.log,mapred.tasktracker,sr217, cluster="chukwa",sr217,16,0,10,4,91
1307525709,/mnt/DP_disk2/lyan/hadoop/logs/chukwa/metrics/chukwa-lyan-mapred-1307525359781.log,mapred.tasktracker,sr217, cluster="chukwa",sr217,16,0,10,4,91
1307525719,/mnt/DP_disk2/lyan/hadoop/logs/chukwa/metrics/chukwa-lyan-mapred-1307525359781.log,mapred.tasktracker,sr217, cluster="chukwa",sr217,16,0,10,4,91
1307525729,/mnt/DP_disk2/lyan/hadoop/logs/chukwa/metrics/chukwa-lyan-mapred-1307525359781.log,mapred.tasktracker,sr217, cluster="chukwa",sr217,16,0,10,4,91
1307525739,/mnt/DP_disk2/lyan/hadoop/logs/chukwa/metrics/chukwa-lyan-mapred-1307525359781.log,mapred.tasktracker,sr217, cluster="chukwa",sr217,16,0,10,4,91
1307525749,/mnt/DP_disk2/lyan/hadoop/logs/chukwa/metrics/chukwa-lyan-mapred-1307525359781.log,mapred.tasktracker,sr217, cluster="chukwa",sr217,16,0,10,4,91
1307525759,/mnt/DP_disk2/lyan/hadoop/logs/chukwa/metrics/chukwa-lyan-mapred-1307525359781.log,mapred.tasktracker,sr217, cluster="chukwa",sr217,16,0,10,4,91
1307525769,/mnt/DP_disk2/lyan/hadoop/logs/chukwa/metrics/chukwa-lyan-mapred-1307525359781.log,mapred.tasktracker,sr217, cluster="chukwa",sr217,16,0,10,4,91
1307525779,/mnt/DP_disk2/lyan/hadoop/logs/chukwa/metrics/chukwa-lyan-mapred-1307525359781.log,mapred.tasktracker,sr217, cluster="chukwa",sr217,16,0,10,4,91
1307525789,/mnt/DP_disk2/lyan/hadoop/logs/chukwa/metrics/chukwa-lyan-mapred-1307525359781.log,mapred.tasktracker,sr217, cluster="chukwa",sr217,16,0,10,4,91
1307525799,/mnt/DP_disk2/lyan/hadoop/logs/chukwa/metrics/chukwa-lyan-mapred-1307525359781.log,mapred.tasktracker,sr217, cluster="chukwa",sr217,16,0,10,4,91
1307525809,/mnt/DP_disk2/lyan/hadoop/logs/chukwa/metrics/chukwa-lyan-mapred-1307525359781.log,mapred.tasktracker,sr217, cluster="chukwa",sr217,16,0,10,4,91
1307525819,/mnt/DP_disk2/lyan/hadoop/logs/chukwa/metrics/chukwa-lyan-mapred-1307525359781.log,mapred.tasktracker,sr217, cluster="chukwa",sr217,16,0,10,4,91
1307525829,/mnt/DP_disk2/lyan/hadoop/logs/chukwa/metrics/chukwa-lyan-mapred-1307525359781.log,mapred.tasktracker,sr217, cluster="chukwa",sr217,16,0,10,4,91
1307525839,/mnt/DP_disk2/lyan/hadoop/logs/chukwa/metrics/chukwa-lyan-mapred-1307525359781.log,mapred.tasktracker,sr217, cluster="chukwa",sr217,16,0,10,4,91
1307525849,/mnt/DP_disk2/lyan/hadoop/logs/chukwa/metrics/chukwa-lyan-mapred-1307525359781.log,mapred.tasktracker,sr217, cluster="chukwa",sr217,16,0,10,4,91
1307525859,/mnt/DP_disk2/lyan/hadoop/logs/chukwa/metrics/chukwa-lyan-mapred-1307525359781.log,mapred.tasktracker,sr217, cluster="chukwa",sr217,16,0,10,4,91
1307525869,/mnt/DP_disk2/lyan/hadoop/logs/chukwa/metrics/chukwa-lyan-mapred-1307525359781.log,mapred.tasktracker,sr217, cluster="chukwa",sr217,16,0,10,4,91
1307525879,/mnt/DP_disk2/lyan/hadoop/logs/chukwa/metrics/chukwa-lyan-mapred-1307525359781.log,mapred.tasktracker,sr217, cluster="chukwa",sr217,16,0,10,4,91
1307525889,/mnt/DP_disk2/lyan/hadoop/logs/chukwa/metrics/chukwa-lyan-mapred-1307525359781.log,mapred.tasktracker,sr217, cluster="chukwa",sr217,16,0,10,4,91
1307525899,/mnt/DP_disk2/lyan/hadoop/logs/chukwa/metrics/chukwa-lyan-mapred-1307525359781.log,mapred.tasktracker,sr217, cluster="chukwa",sr217,16,0,10,4,91
1307525909,/mnt/DP_disk2/lyan/hadoop/logs/chukwa/metrics/chukwa-lyan-mapred-1307525359781.log,mapred.tasktracker,sr217, cluster="chukwa",sr217,16,0,10,4,91
1307525919,/mnt/DP_disk2/lyan/hadoop/logs/chukwa/metrics/chukwa-lyan-mapred-1307525359781.log,mapred.tasktracker,sr217, cluster="chukwa",sr217,16,0,10,4,91
1307525929,/mnt/DP_disk2/lyan/hadoop/logs/chukwa/metrics/chukwa-lyan-mapred-1307525359781.log,mapred.tasktracker,sr217, cluster="chukwa",sr217,16,0,10,4,91
1307525939,/mnt/DP_disk2/lyan/hadoop/logs/chukwa/metrics/chukwa-lyan-mapred-1307525359781.log,mapred.tasktracker,sr217, cluster="chukwa",sr217,16,0,10,4,91
1307525949,/mnt/DP_disk2/lyan/hadoop/logs/chukwa/metrics/chukwa-lyan-mapred-1307525359781.log,mapred.tasktracker,sr217, cluster="chukwa",sr217,16,0,10,4,91
1307525959,/mnt/DP_disk2/lyan/hadoop/logs/chukwa/metrics/chukwa-lyan-mapred-1307525359781.log,mapred.tasktracker,sr217, cluster="chukwa",sr217,16,0,10,4,91
1307525969,/mnt/DP_disk2/lyan/hadoop/logs/chukwa/metrics/chukwa-lyan-mapred-1307525359781.log,mapred.tasktracker,sr217, cluster="chukwa",sr217,16,0,10,4,91
1307525979,/mnt/DP_disk2/lyan/hadoop/logs/chukwa/metrics/chukwa-lyan-mapred-1307525359781.log,mapred.tasktracker,sr217, cluster="chukwa",sr217,16,0,10,4,91
1307525989,/mnt/DP_disk2/lyan/hadoop/logs/chukwa/metrics/chukwa-lyan-mapred-1307525359781.log,mapred.tasktracker,sr217, cluster="chukwa",sr217,16,0,10,4,91
1307525999,/mnt/DP_disk2/lyan/hadoop/logs/chukwa/metrics/chukwa-lyan-mapred-1307525359781.log,mapred.tasktracker,sr217, cluster="chukwa",sr217,16,0,10,3,92
1307526009,/mnt/DP_disk2/lyan/hadoop/logs/chukwa/metrics/chukwa-lyan-mapred-1307525359781.log,mapred.tasktracker,sr217, cluster="chukwa",sr217,16,0,10,2,93
1307526019,/mnt/DP_disk2/lyan/hadoop/logs/chukwa/metrics/chukwa-lyan-mapred-1307525359781.log,mapred.tasktracker,sr217, cluster="chukwa",sr217,16,0,10,2,93
1307526029,/mnt/DP_disk2/lyan/hadoop/logs/chukwa/metrics/chukwa-lyan-mapred-1307525359781.log,mapred.tasktracker,sr217, cluster="chukwa",sr217,16,0,10,2,93
1307526039,/mnt/DP_disk2/lyan/hadoop/logs/chukwa/metrics/chukwa-lyan-mapred-1307525359781.log,mapred.tasktracker,sr217, cluster="chukwa",sr217,16,0,10,2,93
1307526049,/mnt/DP_disk2/lyan/hadoop/logs/chukwa/metrics/chukwa-lyan-mapred-1307525359781.log,mapred.tasktracker,sr217, cluster="chukwa",sr217,16,0,10,0,95
1307526059,/mnt/DP_disk2/lyan/hadoop/logs/chukwa/metrics/chukwa-lyan-mapred-1307525359781.log,mapred.tasktracker,sr217, cluster="chukwa",sr217,16,0,10,0,95
1307526069,/mnt/DP_disk2/lyan/hadoop/logs/chukwa/metrics/chukwa-lyan-mapred-1307525359781.log,mapred.tasktracker,sr217, cluster="chukwa",sr217,16,0,10,0,95
1307526079,/mnt/DP_disk2/lyan/hadoop/logs/chukwa/metrics/chukwa-lyan-mapred-1307525359781.log,mapred.tasktracker,sr217, cluster="chukwa",sr217,16,0,10,0,95
1307526089,/mnt/DP_disk2/lyan/hadoop/logs/chukwa/metrics/chukwa-lyan-mapred-1307525359781.log,mapred.tasktracker,sr217, cluster="chukwa",sr217,16,0,10,0,95
1307525430,/mnt/DP_disk2/lyan/hadoop/logs/chukwa/metrics/chukwa-lyan-mapred-1307525360133.log,mapred.tasktracker,sr218, cluster="chukwa",sr218,16,0,10,0,0
1307525440,/mnt/DP_disk2/lyan/hadoop/logs/chukwa/metrics/chukwa-lyan-mapred-1307525360133.log,mapred.tasktracker,sr218, cluster="chukwa",sr218,16,16,10,0,0
1307525450,/mnt/DP_disk2/lyan/hadoop/logs/chukwa/metrics/chukwa-lyan-mapred-1307525360133.log,mapred.tasktracker,sr218, cluster="chukwa",sr218,16,16,10,0,0
1307525460,/mnt/DP_disk2/lyan/hadoop/logs/chukwa/metrics/chukwa-lyan-mapred-1307525360133.log,mapred.tasktracker,sr218, cluster="chukwa",sr218,16,16,10,2,0
1307525470,/mnt/DP_disk2/lyan/hadoop/logs/chukwa/metrics/chukwa-lyan-mapred-1307525360133.log,mapred.tasktracker,sr218, cluster="chukwa",sr218,16,16,10,4,10
1307525480,/mnt/DP_disk2/lyan/hadoop/logs/chukwa/metrics/chukwa-lyan-mapred-1307525360133.log,mapred.tasktracker,sr218, cluster="chukwa",sr218,16,16,10,4,19
1307525490,/mnt/DP_disk2/lyan/hadoop/logs/chukwa/metrics/chukwa-lyan-mapred-1307525360133.log,mapred.tasktracker,sr218, cluster="chukwa",sr218,16,16,10,4,24
1307525500,/mnt/DP_disk2/lyan/hadoop/logs/chukwa/metrics/chukwa-lyan-mapred-1307525360133.log,mapred.tasktracker,sr218, cluster="chukwa",sr218,16,16,10,4,33
1307525510,/mnt/DP_disk2/lyan/hadoop/logs/chukwa/metrics/chukwa-lyan-mapred-1307525360133.log,mapred.tasktracker,sr218, cluster="chukwa",sr218,16,16,10,4,39
1307525529,/mnt/DP_disk2/lyan/hadoop/logs/chukwa/metrics/chukwa-lyan-mapred-1307525360133.log,mapred.tasktracker,sr218, cluster="chukwa",sr218,16,16,10,4,40
1307525530,/mnt/DP_disk2/lyan/hadoop/logs/chukwa/metrics/chukwa-lyan-mapred-1307525360133.log,mapred.tasktracker,sr218, cluster="chukwa",sr218,16,16,10,4,40
1307525540,/mnt/DP_disk2/lyan/hadoop/logs/chukwa/metrics/chukwa-lyan-mapred-1307525360133.log,mapred.tasktracker,sr218, cluster="chukwa",sr218,16,15,10,4,49
1307525550,/mnt/DP_disk2/lyan/hadoop/logs/chukwa/metrics/chukwa-lyan-mapred-1307525360133.log,mapred.tasktracker,sr218, cluster="chukwa",sr218,16,15,10,4,50
1307525560,/mnt/DP_disk2/lyan/hadoop/logs/chukwa/metrics/chukwa-lyan-mapred-1307525360133.log,mapred.tasktracker,sr218, cluster="chukwa",sr218,16,11,10,4,56
1307525570,/mnt/DP_disk2/lyan/hadoop/logs/chukwa/metrics/chukwa-lyan-mapred-1307525360133.log,mapred.tasktracker,sr218, cluster="chukwa",sr218,16,9,10,4,59
1307525580,/mnt/DP_disk2/lyan/hadoop/logs/chukwa/metrics/chukwa-lyan-mapred-1307525360133.log,mapred.tasktracker,sr218, cluster="chukwa",sr218,16,3,10,4,67
1307525590,/mnt/DP_disk2/lyan/hadoop/logs/chukwa/metrics/chukwa-lyan-mapred-1307525360133.log,mapred.tasktracker,sr218, cluster="chukwa",sr218,16,3,10,4,68
1307525600,/mnt/DP_disk2/lyan/hadoop/logs/chukwa/metrics/chukwa-lyan-mapred-1307525360133.log,mapred.tasktracker,sr218, cluster="chukwa",sr218,16,1,10,4,70
1307525610,/mnt/DP_disk2/lyan/hadoop/logs/chukwa/metrics/chukwa-lyan-mapred-1307525360133.log,mapred.tasktracker,sr218, cluster="chukwa",sr218,16,1,10,4,71
1307525620,/mnt/DP_disk2/lyan/hadoop/logs/chukwa/metrics/chukwa-lyan-mapred-1307525360133.log,mapred.tasktracker,sr218, cluster="chukwa",sr218,16,1,10,4,71
1307525630,/mnt/DP_disk2/lyan/hadoop/logs/chukwa/metrics/chukwa-lyan-mapred-1307525360133.log,mapred.tasktracker,sr218, cluster="chukwa",sr218,16,1,10,4,71
1307525640,/mnt/DP_disk2/lyan/hadoop/logs/chukwa/metrics/chukwa-lyan-mapred-1307525360133.log,mapred.tasktracker,sr218, cluster="chukwa",sr218,16,1,10,4,71
1307525650,/mnt/DP_disk2/lyan/hadoop/logs/chukwa/metrics/chukwa-lyan-mapred-1307525360133.log,mapred.tasktracker,sr218, cluster="chukwa",sr218,16,1,10,4,71
1307525660,/mnt/DP_disk2/lyan/hadoop/logs/chukwa/metrics/chukwa-lyan-mapred-1307525360133.log,mapred.tasktracker,sr218, cluster="chukwa",sr218,16,1,10,4,71
1307525670,/mnt/DP_disk2/lyan/hadoop/logs/chukwa/metrics/chukwa-lyan-mapred-1307525360133.log,mapred.tasktracker,sr218, cluster="chukwa",sr218,16,0,10,4,72
1307525680,/mnt/DP_disk2/lyan/hadoop/logs/chukwa/metrics/chukwa-lyan-mapred-1307525360133.log,mapred.tasktracker,sr218, cluster="chukwa",sr218,16,0,10,4,72
1307525690,/mnt/DP_disk2/lyan/hadoop/logs/chukwa/metrics/chukwa-lyan-mapred-1307525360133.log,mapred.tasktracker,sr218, cluster="chukwa",sr218,16,0,10,4,72
1307525700,/mnt/DP_disk2/lyan/hadoop/logs/chukwa/metrics/chukwa-lyan-mapred-1307525360133.log,mapred.tasktracker,sr218, cluster="chukwa",sr218,16,0,10,4,72
1307525710,/mnt/DP_disk2/lyan/hadoop/logs/chukwa/metrics/chukwa-lyan-mapred-1307525360133.log,mapred.tasktracker,sr218, cluster="chukwa",sr218,16,0,10,4,72
1307525720,/mnt/DP_disk2/lyan/hadoop/logs/chukwa/metrics/chukwa-lyan-mapred-1307525360133.log,mapred.tasktracker,sr218, cluster="chukwa",sr218,16,0,10,4,72
1307525730,/mnt/DP_disk2/lyan/hadoop/logs/chukwa/metrics/chukwa-lyan-mapred-1307525360133.log,mapred.tasktracker,sr218, cluster="chukwa",sr218,16,0,10,4,72
1307525740,/mnt/DP_disk2/lyan/hadoop/logs/chukwa/metrics/chukwa-lyan-mapred-1307525360133.log,mapred.tasktracker,sr218, cluster="chukwa",sr218,16,0,10,4,72
1307525750,/mnt/DP_disk2/lyan/hadoop/logs/chukwa/metrics/chukwa-lyan-mapred-1307525360133.log,mapred.tasktracker,sr218, cluster="chukwa",sr218,16,0,10,4,72
1307525760,/mnt/DP_disk2/lyan/hadoop/logs/chukwa/metrics/chukwa-lyan-mapred-1307525360133.log,mapred.tasktracker,sr218, cluster="chukwa",sr218,16,0,10,4,72
1307525770,/mnt/DP_disk2/lyan/hadoop/logs/chukwa/metrics/chukwa-lyan-mapred-1307525360133.log,mapred.tasktracker,sr218, cluster="chukwa",sr218,16,0,10,4,72
1307525780,/mnt/DP_disk2/lyan/hadoop/logs/chukwa/metrics/chukwa-lyan-mapred-1307525360133.log,mapred.tasktracker,sr218, cluster="chukwa",sr218,16,0,10,4,72
1307525790,/mnt/DP_disk2/lyan/hadoop/logs/chukwa/metrics/chukwa-lyan-mapred-1307525360133.log,mapred.tasktracker,sr218, cluster="chukwa",sr218,16,0,10,4,72
1307525800,/mnt/DP_disk2/lyan/hadoop/logs/chukwa/metrics/chukwa-lyan-mapred-1307525360133.log,mapred.tasktracker,sr218, cluster="chukwa",sr218,16,0,10,4,72
1307525810,/mnt/DP_disk2/lyan/hadoop/logs/chukwa/metrics/chukwa-lyan-mapred-1307525360133.log,mapred.tasktracker,sr218, cluster="chukwa",sr218,16,0,10,4,72
1307525820,/mnt/DP_disk2/lyan/hadoop/logs/chukwa/metrics/chukwa-lyan-mapred-1307525360133.log,mapred.tasktracker,sr218, cluster="chukwa",sr218,16,0,10,4,72
1307525830,/mnt/DP_disk2/lyan/hadoop/logs/chukwa/metrics/chukwa-lyan-mapred-1307525360133.log,mapred.tasktracker,sr218, cluster="chukwa",sr218,16,0,10,4,72
1307525840,/mnt/DP_disk2/lyan/hadoop/logs/chukwa/metrics/chukwa-lyan-mapred-1307525360133.log,mapred.tasktracker,sr218, cluster="chukwa",sr218,16,0,10,4,72
1307525850,/mnt/DP_disk2/lyan/hadoop/logs/chukwa/metrics/chukwa-lyan-mapred-1307525360133.log,mapred.tasktracker,sr218, cluster="chukwa",sr218,16,0,10,4,72
1307525860,/mnt/DP_disk2/lyan/hadoop/logs/chukwa/metrics/chukwa-lyan-mapred-1307525360133.log,mapred.tasktracker,sr218, cluster="chukwa",sr218,16,0,10,4,72
1307525870,/mnt/DP_disk2/lyan/hadoop/logs/chukwa/metrics/chukwa-lyan-mapred-1307525360133.log,mapred.tasktracker,sr218, cluster="chukwa",sr218,16,0,10,4,72
1307525880,/mnt/DP_disk2/lyan/hadoop/logs/chukwa/metrics/chukwa-lyan-mapred-1307525360133.log,mapred.tasktracker,sr218, cluster="chukwa",sr218,16,0,10,4,72
1307525890,/mnt/DP_disk2/lyan/hadoop/logs/chukwa/metrics/chukwa-lyan-mapred-1307525360133.log,mapred.tasktracker,sr218, cluster="chukwa",sr218,16,0,10,4,72
1307525900,/mnt/DP_disk2/lyan/hadoop/logs/chukwa/metrics/chukwa-lyan-mapred-1307525360133.log,mapred.tasktracker,sr218, cluster="chukwa",sr218,16,0,10,4,72
1307525910,/mnt/DP_disk2/lyan/hadoop/logs/chukwa/metrics/chukwa-lyan-mapred-1307525360133.log,mapred.tasktracker,sr218, cluster="chukwa",sr218,16,0,10,4,72
1307525920,/mnt/DP_disk2/lyan/hadoop/logs/chukwa/metrics/chukwa-lyan-mapred-1307525360133.log,mapred.tasktracker,sr218, cluster="chukwa",sr218,16,0,10,4,72
1307525930,/mnt/DP_disk2/lyan/hadoop/logs/chukwa/metrics/chukwa-lyan-mapred-1307525360133.log,mapred.tasktracker,sr218, cluster="chukwa",sr218,16,0,10,4,72
1307525940,/mnt/DP_disk2/lyan/hadoop/logs/chukwa/metrics/chukwa-lyan-mapred-1307525360133.log,mapred.tasktracker,sr218, cluster="chukwa",sr218,16,0,10,4,72
1307525950,/mnt/DP_disk2/lyan/hadoop/logs/chukwa/metrics/chukwa-lyan-mapred-1307525360133.log,mapred.tasktracker,sr218, cluster="chukwa",sr218,16,0,10,4,72
1307525960,/mnt/DP_disk2/lyan/hadoop/logs/chukwa/metrics/chukwa-lyan-mapred-1307525360133.log,mapred.tasktracker,sr218, cluster="chukwa",sr218,16,0,10,3,73
1307525970,/mnt/DP_disk2/lyan/hadoop/logs/chukwa/metrics/chukwa-lyan-mapred-1307525360133.log,mapred.tasktracker,sr218, cluster="chukwa",sr218,16,0,10,3,73
1307525980,/mnt/DP_disk2/lyan/hadoop/logs/chukwa/metrics/chukwa-lyan-mapred-1307525360133.log,mapred.tasktracker,sr218, cluster="chukwa",sr218,16,0,10,3,73
1307525990,/mnt/DP_disk2/lyan/hadoop/logs/chukwa/metrics/chukwa-lyan-mapred-1307525360133.log,mapred.tasktracker,sr218, cluster="chukwa",sr218,16,0,10,3,73
1307526000,/mnt/DP_disk2/lyan/hadoop/logs/chukwa/metrics/chukwa-lyan-mapred-1307525360133.log,mapred.tasktracker,sr218, cluster="chukwa",sr218,16,0,10,2,74
1307526010,/mnt/DP_disk2/lyan/hadoop/logs/chukwa/metrics/chukwa-lyan-mapred-1307525360133.log,mapred.tasktracker,sr218, cluster="chukwa",sr218,16,0,10,2,74
1307526020,/mnt/DP_disk2/lyan/hadoop/logs/chukwa/metrics/chukwa-lyan-mapred-1307525360133.log,mapred.tasktracker,sr218, cluster="chukwa",sr218,16,0,10,2,74
1307526030,/mnt/DP_disk2/lyan/hadoop/logs/chukwa/metrics/chukwa-lyan-mapred-1307525360133.log,mapred.tasktracker,sr218, cluster="chukwa",sr218,16,0,10,1,75
1307526040,/mnt/DP_disk2/lyan/hadoop/logs/chukwa/metrics/chukwa-lyan-mapred-1307525360133.log,mapred.tasktracker,sr218, cluster="chukwa",sr218,16,0,10,1,75
1307526050,/mnt/DP_disk2/lyan/hadoop/logs/chukwa/metrics/chukwa-lyan-mapred-1307525360133.log,mapred.tasktracker,sr218, cluster="chukwa",sr218,16,0,10,0,76
1307526060,/mnt/DP_disk2/lyan/hadoop/logs/chukwa/metrics/chukwa-lyan-mapred-1307525360133.log,mapred.tasktracker,sr218, cluster="chukwa",sr218,16,0,10,0,76
1307526070,/mnt/DP_disk2/lyan/hadoop/logs/chukwa/metrics/chukwa-lyan-mapred-1307525360133.log,mapred.tasktracker,sr218, cluster="chukwa",sr218,16,0,10,0,76
1307526080,/mnt/DP_disk2/lyan/hadoop/logs/chukwa/metrics/chukwa-lyan-mapred-1307525360133.log,mapred.tasktracker,sr218, cluster="chukwa",sr218,16,0,10,0,76
1307526090,/mnt/DP_disk2/lyan/hadoop/logs/chukwa/metrics/chukwa-lyan-mapred-1307525360133.log,mapred.tasktracker,sr218, cluster="chukwa",sr218,16,0,10,0,76
1307525439,/mnt/DP_disk2/lyan/hadoop/logs/chukwa/metrics/chukwa-lyan-mapred-1307525359853.log,mapred.tasktracker,sr219, cluster="chukwa",sr219,16,16,10,0,0
1307525450,/mnt/DP_disk2/lyan/hadoop/logs/chukwa/metrics/chukwa-lyan-mapred-1307525359853.log,mapred.tasktracker,sr219, cluster="chukwa",sr219,16,16,10,0,0
1307525459,/mnt/DP_disk2/lyan/hadoop/logs/chukwa/metrics/chukwa-lyan-mapred-1307525359853.log,mapred.tasktracker,sr219, cluster="chukwa",sr219,16,16,10,3,8
1307525470,/mnt/DP_disk2/lyan/hadoop/logs/chukwa/metrics/chukwa-lyan-mapred-1307525359853.log,mapred.tasktracker,sr219, cluster="chukwa",sr219,16,16,10,4,19
1307525479,/mnt/DP_disk2/lyan/hadoop/logs/chukwa/metrics/chukwa-lyan-mapred-1307525359853.log,mapred.tasktracker,sr219, cluster="chukwa",sr219,16,16,10,4,32
1307525489,/mnt/DP_disk2/lyan/hadoop/logs/chukwa/metrics/chukwa-lyan-mapred-1307525359853.log,mapred.tasktracker,sr219, cluster="chukwa",sr219,16,16,10,4,38
1307525499,/mnt/DP_disk2/lyan/hadoop/logs/chukwa/metrics/chukwa-lyan-mapred-1307525359853.log,mapred.tasktracker,sr219, cluster="chukwa",sr219,16,16,10,4,43
1307525510,/mnt/DP_disk2/lyan/hadoop/logs/chukwa/metrics/chukwa-lyan-mapred-1307525359853.log,mapred.tasktracker,sr219, cluster="chukwa",sr219,16,16,10,4,49
1307525519,/mnt/DP_disk2/lyan/hadoop/logs/chukwa/metrics/chukwa-lyan-mapred-1307525359853.log,mapred.tasktracker,sr219, cluster="chukwa",sr219,16,16,10,4,52
1307525530,/mnt/DP_disk2/lyan/hadoop/logs/chukwa/metrics/chukwa-lyan-mapred-1307525359853.log,mapred.tasktracker,sr219, cluster="chukwa",sr219,16,16,10,4,54
1307525539,/mnt/DP_disk2/lyan/hadoop/logs/chukwa/metrics/chukwa-lyan-mapred-1307525359853.log,mapred.tasktracker,sr219, cluster="chukwa",sr219,16,16,10,4,61
1307525549,/mnt/DP_disk2/lyan/hadoop/logs/chukwa/metrics/chukwa-lyan-mapred-1307525359853.log,mapred.tasktracker,sr219, cluster="chukwa",sr219,16,14,10,4,64
1307525559,/mnt/DP_disk2/lyan/hadoop/logs/chukwa/metrics/chukwa-lyan-mapred-1307525359853.log,mapred.tasktracker,sr219, cluster="chukwa",sr219,16,11,10,4,70
1307525569,/mnt/DP_disk2/lyan/hadoop/logs/chukwa/metrics/chukwa-lyan-mapred-1307525359853.log,mapred.tasktracker,sr219, cluster="chukwa",sr219,16,5,10,4,80
1307525579,/mnt/DP_disk2/lyan/hadoop/logs/chukwa/metrics/chukwa-lyan-mapred-1307525359853.log,mapred.tasktracker,sr219, cluster="chukwa",sr219,16,3,10,4,84
1307525589,/mnt/DP_disk2/lyan/hadoop/logs/chukwa/metrics/chukwa-lyan-mapred-1307525359853.log,mapred.tasktracker,sr219, cluster="chukwa",sr219,16,2,10,4,87
1307525599,/mnt/DP_disk2/lyan/hadoop/logs/chukwa/metrics/chukwa-lyan-mapred-1307525359853.log,mapred.tasktracker,sr219, cluster="chukwa",sr219,16,1,10,4,88
1307525609,/mnt/DP_disk2/lyan/hadoop/logs/chukwa/metrics/chukwa-lyan-mapred-1307525359853.log,mapred.tasktracker,sr219, cluster="chukwa",sr219,16,1,10,4,89
1307525619,/mnt/DP_disk2/lyan/hadoop/logs/chukwa/metrics/chukwa-lyan-mapred-1307525359853.log,mapred.tasktracker,sr219, cluster="chukwa",sr219,16,1,10,4,89
1307525629,/mnt/DP_disk2/lyan/hadoop/logs/chukwa/metrics/chukwa-lyan-mapred-1307525359853.log,mapred.tasktracker,sr219, cluster="chukwa",sr219,16,0,10,4,90
1307525639,/mnt/DP_disk2/lyan/hadoop/logs/chukwa/metrics/chukwa-lyan-mapred-1307525359853.log,mapred.tasktracker,sr219, cluster="chukwa",sr219,16,0,10,4,90
1307525649,/mnt/DP_disk2/lyan/hadoop/logs/chukwa/metrics/chukwa-lyan-mapred-1307525359853.log,mapred.tasktracker,sr219, cluster="chukwa",sr219,16,0,10,4,90
1307525659,/mnt/DP_disk2/lyan/hadoop/logs/chukwa/metrics/chukwa-lyan-mapred-1307525359853.log,mapred.tasktracker,sr219, cluster="chukwa",sr219,16,0,10,4,90
1307525669,/mnt/DP_disk2/lyan/hadoop/logs/chukwa/metrics/chukwa-lyan-mapred-1307525359853.log,mapred.tasktracker,sr219, cluster="chukwa",sr219,16,0,10,4,90
1307525679,/mnt/DP_disk2/lyan/hadoop/logs/chukwa/metrics/chukwa-lyan-mapred-1307525359853.log,mapred.tasktracker,sr219, cluster="chukwa",sr219,16,0,10,4,90
1307525689,/mnt/DP_disk2/lyan/hadoop/logs/chukwa/metrics/chukwa-lyan-mapred-1307525359853.log,mapred.tasktracker,sr219, cluster="chukwa",sr219,16,0,10,4,90
1307525699,/mnt/DP_disk2/lyan/hadoop/logs/chukwa/metrics/chukwa-lyan-mapred-1307525359853.log,mapred.tasktracker,sr219, cluster="chukwa",sr219,16,0,10,4,90
1307525709,/mnt/DP_disk2/lyan/hadoop/logs/chukwa/metrics/chukwa-lyan-mapred-1307525359853.log,mapred.tasktracker,sr219, cluster="chukwa",sr219,16,0,10,4,90
1307525719,/mnt/DP_disk2/lyan/hadoop/logs/chukwa/metrics/chukwa-lyan-mapred-1307525359853.log,mapred.tasktracker,sr219, cluster="chukwa",sr219,16,0,10,4,90
1307525729,/mnt/DP_disk2/lyan/hadoop/logs/chukwa/metrics/chukwa-lyan-mapred-1307525359853.log,mapred.tasktracker,sr219, cluster="chukwa",sr219,16,0,10,4,90
1307525739,/mnt/DP_disk2/lyan/hadoop/logs/chukwa/metrics/chukwa-lyan-mapred-1307525359853.log,mapred.tasktracker,sr219, cluster="chukwa",sr219,16,0,10,4,90
1307525749,/mnt/DP_disk2/lyan/hadoop/logs/chukwa/metrics/chukwa-lyan-mapred-1307525359853.log,mapred.tasktracker,sr219, cluster="chukwa",sr219,16,0,10,4,90
1307525759,/mnt/DP_disk2/lyan/hadoop/logs/chukwa/metrics/chukwa-lyan-mapred-1307525359853.log,mapred.tasktracker,sr219, cluster="chukwa",sr219,16,0,10,4,90
1307525769,/mnt/DP_disk2/lyan/hadoop/logs/chukwa/metrics/chukwa-lyan-mapred-1307525359853.log,mapred.tasktracker,sr219, cluster="chukwa",sr219,16,0,10,4,90
1307525779,/mnt/DP_disk2/lyan/hadoop/logs/chukwa/metrics/chukwa-lyan-mapred-1307525359853.log,mapred.tasktracker,sr219, cluster="chukwa",sr219,16,0,10,3,91
1307525789,/mnt/DP_disk2/lyan/hadoop/logs/chukwa/metrics/chukwa-lyan-mapred-1307525359853.log,mapred.tasktracker,sr219, cluster="chukwa",sr219,16,0,10,3,91
1307525799,/mnt/DP_disk2/lyan/hadoop/logs/chukwa/metrics/chukwa-lyan-mapred-1307525359853.log,mapred.tasktracker,sr219, cluster="chukwa",sr219,16,0,10,3,91
1307525809,/mnt/DP_disk2/lyan/hadoop/logs/chukwa/metrics/chukwa-lyan-mapred-1307525359853.log,mapred.tasktracker,sr219, cluster="chukwa",sr219,16,0,10,3,91
1307525819,/mnt/DP_disk2/lyan/hadoop/logs/chukwa/metrics/chukwa-lyan-mapred-1307525359853.log,mapred.tasktracker,sr219, cluster="chukwa",sr219,16,0,10,3,91
1307525829,/mnt/DP_disk2/lyan/hadoop/logs/chukwa/metrics/chukwa-lyan-mapred-1307525359853.log,mapred.tasktracker,sr219, cluster="chukwa",sr219,16,0,10,3,91
1307525839,/mnt/DP_disk2/lyan/hadoop/logs/chukwa/metrics/chukwa-lyan-mapred-1307525359853.log,mapred.tasktracker,sr219, cluster="chukwa",sr219,16,0,10,3,91
1307525849,/mnt/DP_disk2/lyan/hadoop/logs/chukwa/metrics/chukwa-lyan-mapred-1307525359853.log,mapred.tasktracker,sr219, cluster="chukwa",sr219,16,0,10,3,91
1307525859,/mnt/DP_disk2/lyan/hadoop/logs/chukwa/metrics/chukwa-lyan-mapred-1307525359853.log,mapred.tasktracker,sr219, cluster="chukwa",sr219,16,0,10,3,91
1307525869,/mnt/DP_disk2/lyan/hadoop/logs/chukwa/metrics/chukwa-lyan-mapred-1307525359853.log,mapred.tasktracker,sr219, cluster="chukwa",sr219,16,0,10,3,91
1307525879,/mnt/DP_disk2/lyan/hadoop/logs/chukwa/metrics/chukwa-lyan-mapred-1307525359853.log,mapred.tasktracker,sr219, cluster="chukwa",sr219,16,0,10,3,91
1307525889,/mnt/DP_disk2/lyan/hadoop/logs/chukwa/metrics/chukwa-lyan-mapred-1307525359853.log,mapred.tasktracker,sr219, cluster="chukwa",sr219,16,0,10,3,91
1307525899,/mnt/DP_disk2/lyan/hadoop/logs/chukwa/metrics/chukwa-lyan-mapred-1307525359853.log,mapred.tasktracker,sr219, cluster="chukwa",sr219,16,0,10,3,91
1307525909,/mnt/DP_disk2/lyan/hadoop/logs/chukwa/metrics/chukwa-lyan-mapred-1307525359853.log,mapred.tasktracker,sr219, cluster="chukwa",sr219,16,0,10,3,91
1307525919,/mnt/DP_disk2/lyan/hadoop/logs/chukwa/metrics/chukwa-lyan-mapred-1307525359853.log,mapred.tasktracker,sr219, cluster="chukwa",sr219,16,0,10,3,91
1307525929,/mnt/DP_disk2/lyan/hadoop/logs/chukwa/metrics/chukwa-lyan-mapred-1307525359853.log,mapred.tasktracker,sr219, cluster="chukwa",sr219,16,0,10,3,91
1307525939,/mnt/DP_disk2/lyan/hadoop/logs/chukwa/metrics/chukwa-lyan-mapred-1307525359853.log,mapred.tasktracker,sr219, cluster="chukwa",sr219,16,0,10,3,91
1307525949,/mnt/DP_disk2/lyan/hadoop/logs/chukwa/metrics/chukwa-lyan-mapred-1307525359853.log,mapred.tasktracker,sr219, cluster="chukwa",sr219,16,0,10,3,91
1307525959,/mnt/DP_disk2/lyan/hadoop/logs/chukwa/metrics/chukwa-lyan-mapred-1307525359853.log,mapred.tasktracker,sr219, cluster="chukwa",sr219,16,0,10,3,91
1307525969,/mnt/DP_disk2/lyan/hadoop/logs/chukwa/metrics/chukwa-lyan-mapred-1307525359853.log,mapred.tasktracker,sr219, cluster="chukwa",sr219,16,0,10,3,91
1307525979,/mnt/DP_disk2/lyan/hadoop/logs/chukwa/metrics/chukwa-lyan-mapred-1307525359853.log,mapred.tasktracker,sr219, cluster="chukwa",sr219,16,0,10,3,91
1307525989,/mnt/DP_disk2/lyan/hadoop/logs/chukwa/metrics/chukwa-lyan-mapred-1307525359853.log,mapred.tasktracker,sr219, cluster="chukwa",sr219,16,0,10,3,91
1307525999,/mnt/DP_disk2/lyan/hadoop/logs/chukwa/metrics/chukwa-lyan-mapred-1307525359853.log,mapred.tasktracker,sr219, cluster="chukwa",sr219,16,0,10,2,92
1307526009,/mnt/DP_disk2/lyan/hadoop/logs/chukwa/metrics/chukwa-lyan-mapred-1307525359853.log,mapred.tasktracker,sr219, cluster="chukwa",sr219,16,0,10,2,92
1307526019,/mnt/DP_disk2/lyan/hadoop/logs/chukwa/metrics/chukwa-lyan-mapred-1307525359853.log,mapred.tasktracker,sr219, cluster="chukwa",sr219,16,0,10,2,92
1307526029,/mnt/DP_disk2/lyan/hadoop/logs/chukwa/metrics/chukwa-lyan-mapred-1307525359853.log,mapred.tasktracker,sr219, cluster="chukwa",sr219,16,0,10,2,92
1307526039,/mnt/DP_disk2/lyan/hadoop/logs/chukwa/metrics/chukwa-lyan-mapred-1307525359853.log,mapred.tasktracker,sr219, cluster="chukwa",sr219,16,0,10,0,94
1307526049,/mnt/DP_disk2/lyan/hadoop/logs/chukwa/metrics/chukwa-lyan-mapred-1307525359853.log,mapred.tasktracker,sr219, cluster="chukwa",sr219,16,0,10,0,94
1307526059,/mnt/DP_disk2/lyan/hadoop/logs/chukwa/metrics/chukwa-lyan-mapred-1307525359853.log,mapred.tasktracker,sr219, cluster="chukwa",sr219,16,0,10,0,94
1307526069,/mnt/DP_disk2/lyan/hadoop/logs/chukwa/metrics/chukwa-lyan-mapred-1307525359853.log,mapred.tasktracker,sr219, cluster="chukwa",sr219,16,0,10,0,94
1307526079,/mnt/DP_disk2/lyan/hadoop/logs/chukwa/metrics/chukwa-lyan-mapred-1307525359853.log,mapred.tasktracker,sr219, cluster="chukwa",sr219,16,0,10,0,94
1307526089,/mnt/DP_disk2/lyan/hadoop/logs/chukwa/metrics/chukwa-lyan-mapred-1307525359853.log,mapred.tasktracker,sr219, cluster="chukwa",sr219,16,0,10,0,94
1307525439,/mnt/DP_disk2/lyan/hadoop/logs/chukwa/metrics/chukwa-lyan-mapred-1307525359831.log,mapred.tasktracker,sr221, cluster="chukwa",sr221,16,16,10,0,0
1307525449,/mnt/DP_disk2/lyan/hadoop/logs/chukwa/metrics/chukwa-lyan-mapred-1307525359831.log,mapred.tasktracker,sr221, cluster="chukwa",sr221,16,16,10,0,0
1307525459,/mnt/DP_disk2/lyan/hadoop/logs/chukwa/metrics/chukwa-lyan-mapred-1307525359831.log,mapred.tasktracker,sr221, cluster="chukwa",sr221,16,16,10,3,14
1307525470,/mnt/DP_disk2/lyan/hadoop/logs/chukwa/metrics/chukwa-lyan-mapred-1307525359831.log,mapred.tasktracker,sr221, cluster="chukwa",sr221,16,16,10,4,28
1307525480,/mnt/DP_disk2/lyan/hadoop/logs/chukwa/metrics/chukwa-lyan-mapred-1307525359831.log,mapred.tasktracker,sr221, cluster="chukwa",sr221,16,16,10,4,34
1307525494,/mnt/DP_disk2/lyan/hadoop/logs/chukwa/metrics/chukwa-lyan-mapred-1307525359831.log,mapred.tasktracker,sr221, cluster="chukwa",sr221,16,16,10,4,44
1307525499,/mnt/DP_disk2/lyan/hadoop/logs/chukwa/metrics/chukwa-lyan-mapred-1307525359831.log,mapred.tasktracker,sr221, cluster="chukwa",sr221,16,16,10,4,55
1307525509,/mnt/DP_disk2/lyan/hadoop/logs/chukwa/metrics/chukwa-lyan-mapred-1307525359831.log,mapred.tasktracker,sr221, cluster="chukwa",sr221,16,16,10,4,60
1307525519,/mnt/DP_disk2/lyan/hadoop/logs/chukwa/metrics/chukwa-lyan-mapred-1307525359831.log,mapred.tasktracker,sr221, cluster="chukwa",sr221,16,16,10,4,60
1307525529,/mnt/DP_disk2/lyan/hadoop/logs/chukwa/metrics/chukwa-lyan-mapred-1307525359831.log,mapred.tasktracker,sr221, cluster="chukwa",sr221,16,16,10,4,67
1307525539,/mnt/DP_disk2/lyan/hadoop/logs/chukwa/metrics/chukwa-lyan-mapred-1307525359831.log,mapred.tasktracker,sr221, cluster="chukwa",sr221,16,10,10,4,74
1307525553,/mnt/DP_disk2/lyan/hadoop/logs/chukwa/metrics/chukwa-lyan-mapred-1307525359831.log,mapred.tasktracker,sr221, cluster="chukwa",sr221,16,16,10,4,78
1307525559,/mnt/DP_disk2/lyan/hadoop/logs/chukwa/metrics/chukwa-lyan-mapred-1307525359831.log,mapred.tasktracker,sr221, cluster="chukwa",sr221,16,12,10,4,82
1307525571,/mnt/DP_disk2/lyan/hadoop/logs/chukwa/metrics/chukwa-lyan-mapred-1307525359831.log,mapred.tasktracker,sr221, cluster="chukwa",sr221,16,8,10,4,86
1307525580,/mnt/DP_disk2/lyan/hadoop/logs/chukwa/metrics/chukwa-lyan-mapred-1307525359831.log,mapred.tasktracker,sr221, cluster="chukwa",sr221,16,3,10,4,91
1307525589,/mnt/DP_disk2/lyan/hadoop/logs/chukwa/metrics/chukwa-lyan-mapred-1307525359831.log,mapred.tasktracker,sr221, cluster="chukwa",sr221,16,3,10,4,93
1307525599,/mnt/DP_disk2/lyan/hadoop/logs/chukwa/metrics/chukwa-lyan-mapred-1307525359831.log,mapred.tasktracker,sr221, cluster="chukwa",sr221,16,2,10,4,94
1307525609,/mnt/DP_disk2/lyan/hadoop/logs/chukwa/metrics/chukwa-lyan-mapred-1307525359831.log,mapred.tasktracker,sr221, cluster="chukwa",sr221,16,0,10,4,97
1307525619,/mnt/DP_disk2/lyan/hadoop/logs/chukwa/metrics/chukwa-lyan-mapred-1307525359831.log,mapred.tasktracker,sr221, cluster="chukwa",sr221,16,0,10,4,97
1307525629,/mnt/DP_disk2/lyan/hadoop/logs/chukwa/metrics/chukwa-lyan-mapred-1307525359831.log,mapred.tasktracker,sr221, cluster="chukwa",sr221,16,0,10,4,97
1307525639,/mnt/DP_disk2/lyan/hadoop/logs/chukwa/metrics/chukwa-lyan-mapred-1307525359831.log,mapred.tasktracker,sr221, cluster="chukwa",sr221,16,0,10,4,97
1307525649,/mnt/DP_disk2/lyan/hadoop/logs/chukwa/metrics/chukwa-lyan-mapred-1307525359831.log,mapred.tasktracker,sr221, cluster="chukwa",sr221,16,0,10,4,97
1307525659,/mnt/DP_disk2/lyan/hadoop/logs/chukwa/metrics/chukwa-lyan-mapred-1307525359831.log,mapred.tasktracker,sr221, cluster="chukwa",sr221,16,0,10,4,97
1307525669,/mnt/DP_disk2/lyan/hadoop/logs/chukwa/metrics/chukwa-lyan-mapred-1307525359831.log,mapred.tasktracker,sr221, cluster="chukwa",sr221,16,0,10,4,97
1307525679,/mnt/DP_disk2/lyan/hadoop/logs/chukwa/metrics/chukwa-lyan-mapred-1307525359831.log,mapred.tasktracker,sr221, cluster="chukwa",sr221,16,0,10,4,97
1307525689,/mnt/DP_disk2/lyan/hadoop/logs/chukwa/metrics/chukwa-lyan-mapred-1307525359831.log,mapred.tasktracker,sr221, cluster="chukwa",sr221,16,0,10,4,97
1307525699,/mnt/DP_disk2/lyan/hadoop/logs/chukwa/metrics/chukwa-lyan-mapred-1307525359831.log,mapred.tasktracker,sr221, cluster="chukwa",sr221,16,0,10,4,97
1307525709,/mnt/DP_disk2/lyan/hadoop/logs/chukwa/metrics/chukwa-lyan-mapred-1307525359831.log,mapred.tasktracker,sr221, cluster="chukwa",sr221,16,0,10,4,97
1307525719,/mnt/DP_disk2/lyan/hadoop/logs/chukwa/metrics/chukwa-lyan-mapred-1307525359831.log,mapred.tasktracker,sr221, cluster="chukwa",sr221,16,0,10,4,97
1307525729,/mnt/DP_disk2/lyan/hadoop/logs/chukwa/metrics/chukwa-lyan-mapred-1307525359831.log,mapred.tasktracker,sr221, cluster="chukwa",sr221,16,0,10,4,97
1307525739,/mnt/DP_disk2/lyan/hadoop/logs/chukwa/metrics/chukwa-lyan-mapred-1307525359831.log,mapred.tasktracker,sr221, cluster="chukwa",sr221,16,0,10,4,97
1307525749,/mnt/DP_disk2/lyan/hadoop/logs/chukwa/metrics/chukwa-lyan-mapred-1307525359831.log,mapred.tasktracker,sr221, cluster="chukwa",sr221,16,0,10,4,97
1307525759,/mnt/DP_disk2/lyan/hadoop/logs/chukwa/metrics/chukwa-lyan-mapred-1307525359831.log,mapred.tasktracker,sr221, cluster="chukwa",sr221,16,0,10,4,97
1307525769,/mnt/DP_disk2/lyan/hadoop/logs/chukwa/metrics/chukwa-lyan-mapred-1307525359831.log,mapred.tasktracker,sr221, cluster="chukwa",sr221,16,0,10,4,97
1307525779,/mnt/DP_disk2/lyan/hadoop/logs/chukwa/metrics/chukwa-lyan-mapred-1307525359831.log,mapred.tasktracker,sr221, cluster="chukwa",sr221,16,0,10,4,97
1307525789,/mnt/DP_disk2/lyan/hadoop/logs/chukwa/metrics/chukwa-lyan-mapred-1307525359831.log,mapred.tasktracker,sr221, cluster="chukwa",sr221,16,0,10,4,97
1307525799,/mnt/DP_disk2/lyan/hadoop/logs/chukwa/metrics/chukwa-lyan-mapred-1307525359831.log,mapred.tasktracker,sr221, cluster="chukwa",sr221,16,0,10,4,97
1307525809,/mnt/DP_disk2/lyan/hadoop/logs/chukwa/metrics/chukwa-lyan-mapred-1307525359831.log,mapred.tasktracker,sr221, cluster="chukwa",sr221,16,0,10,4,97
1307525819,/mnt/DP_disk2/lyan/hadoop/logs/chukwa/metrics/chukwa-lyan-mapred-1307525359831.log,mapred.tasktracker,sr221, cluster="chukwa",sr221,16,0,10,4,97
1307525829,/mnt/DP_disk2/lyan/hadoop/logs/chukwa/metrics/chukwa-lyan-mapred-1307525359831.log,mapred.tasktracker,sr221, cluster="chukwa",sr221,16,0,10,4,97
1307525839,/mnt/DP_disk2/lyan/hadoop/logs/chukwa/metrics/chukwa-lyan-mapred-1307525359831.log,mapred.tasktracker,sr221, cluster="chukwa",sr221,16,0,10,4,97
1307525849,/mnt/DP_disk2/lyan/hadoop/logs/chukwa/metrics/chukwa-lyan-mapred-1307525359831.log,mapred.tasktracker,sr221, cluster="chukwa",sr221,16,0,10,4,97
1307525859,/mnt/DP_disk2/lyan/hadoop/logs/chukwa/metrics/chukwa-lyan-mapred-1307525359831.log,mapred.tasktracker,sr221, cluster="chukwa",sr221,16,0,10,4,97
1307525869,/mnt/DP_disk2/lyan/hadoop/logs/chukwa/metrics/chukwa-lyan-mapred-1307525359831.log,mapred.tasktracker,sr221, cluster="chukwa",sr221,16,0,10,4,97
1307525879,/mnt/DP_disk2/lyan/hadoop/logs/chukwa/metrics/chukwa-lyan-mapred-1307525359831.log,mapred.tasktracker,sr221, cluster="chukwa",sr221,16,0,10,4,97
1307525889,/mnt/DP_disk2/lyan/hadoop/logs/chukwa/metrics/chukwa-lyan-mapred-1307525359831.log,mapred.tasktracker,sr221, cluster="chukwa",sr221,16,0,10,4,97
1307525899,/mnt/DP_disk2/lyan/hadoop/logs/chukwa/metrics/chukwa-lyan-mapred-1307525359831.log,mapred.tasktracker,sr221, cluster="chukwa",sr221,16,0,10,4,97
1307525909,/mnt/DP_disk2/lyan/hadoop/logs/chukwa/metrics/chukwa-lyan-mapred-1307525359831.log,mapred.tasktracker,sr221, cluster="chukwa",sr221,16,0,10,4,97
1307525919,/mnt/DP_disk2/lyan/hadoop/logs/chukwa/metrics/chukwa-lyan-mapred-1307525359831.log,mapred.tasktracker,sr221, cluster="chukwa",sr221,16,0,10,4,97
1307525929,/mnt/DP_disk2/lyan/hadoop/logs/chukwa/metrics/chukwa-lyan-mapred-1307525359831.log,mapred.tasktracker,sr221, cluster="chukwa",sr221,16,0,10,4,97
1307525939,/mnt/DP_disk2/lyan/hadoop/logs/chukwa/metrics/chukwa-lyan-mapred-1307525359831.log,mapred.tasktracker,sr221, cluster="chukwa",sr221,16,0,10,4,97
1307525949,/mnt/DP_disk2/lyan/hadoop/logs/chukwa/metrics/chukwa-lyan-mapred-1307525359831.log,mapred.tasktracker,sr221, cluster="chukwa",sr221,16,0,10,4,97
1307525959,/mnt/DP_disk2/lyan/hadoop/logs/chukwa/metrics/chukwa-lyan-mapred-1307525359831.log,mapred.tasktracker,sr221, cluster="chukwa",sr221,16,0,10,4,97
1307525969,/mnt/DP_disk2/lyan/hadoop/logs/chukwa/metrics/chukwa-lyan-mapred-1307525359831.log,mapred.tasktracker,sr221, cluster="chukwa",sr221,16,0,10,4,97
1307525979,/mnt/DP_disk2/lyan/hadoop/logs/chukwa/metrics/chukwa-lyan-mapred-1307525359831.log,mapred.tasktracker,sr221, cluster="chukwa",sr221,16,0,10,4,97
1307525989,/mnt/DP_disk2/lyan/hadoop/logs/chukwa/metrics/chukwa-lyan-mapred-1307525359831.log,mapred.tasktracker,sr221, cluster="chukwa",sr221,16,0,10,4,97
1307525999,/mnt/DP_disk2/lyan/hadoop/logs/chukwa/metrics/chukwa-lyan-mapred-1307525359831.log,mapred.tasktracker,sr221, cluster="chukwa",sr221,16,0,10,4,97
1307526009,/mnt/DP_disk2/lyan/hadoop/logs/chukwa/metrics/chukwa-lyan-mapred-1307525359831.log,mapred.tasktracker,sr221, cluster="chukwa",sr221,16,0,10,4,97
1307526019,/mnt/DP_disk2/lyan/hadoop/logs/chukwa/metrics/chukwa-lyan-mapred-1307525359831.log,mapred.tasktracker,sr221, cluster="chukwa",sr221,16,0,10,4,97
1307526029,/mnt/DP_disk2/lyan/hadoop/logs/chukwa/metrics/chukwa-lyan-mapred-1307525359831.log,mapred.tasktracker,sr221, cluster="chukwa",sr221,16,0,10,4,97
1307526039,/mnt/DP_disk2/lyan/hadoop/logs/chukwa/metrics/chukwa-lyan-mapred-1307525359831.log,mapred.tasktracker,sr221, cluster="chukwa",sr221,16,0,10,4,97
1307526049,/mnt/DP_disk2/lyan/hadoop/logs/chukwa/metrics/chukwa-lyan-mapred-1307525359831.log,mapred.tasktracker,sr221, cluster="chukwa",sr221,16,0,10,4,97
1307526059,/mnt/DP_disk2/lyan/hadoop/logs/chukwa/metrics/chukwa-lyan-mapred-1307525359831.log,mapred.tasktracker,sr221, cluster="chukwa",sr221,16,0,10,4,97
1307526069,/mnt/DP_disk2/lyan/hadoop/logs/chukwa/metrics/chukwa-lyan-mapred-1307525359831.log,mapred.tasktracker,sr221, cluster="chukwa",sr221,16,0,10,3,98
1307526079,/mnt/DP_disk2/lyan/hadoop/logs/chukwa/metrics/chukwa-lyan-mapred-1307525359831.log,mapred.tasktracker,sr221, cluster="chukwa",sr221,16,0,10,2,99
1307526089,/mnt/DP_disk2/lyan/hadoop/logs/chukwa/metrics/chukwa-lyan-mapred-1307525359831.log,mapred.tasktracker,sr221, cluster="chukwa",sr221,16,0,10,0,101
1307525439,/mnt/DP_disk2/lyan/hadoop/logs/chukwa/metrics/chukwa-lyan-mapred-1307525359901.log,mapred.tasktracker,sr222, cluster="chukwa",sr222,16,16,10,0,0
1307525449,/mnt/DP_disk2/lyan/hadoop/logs/chukwa/metrics/chukwa-lyan-mapred-1307525359901.log,mapred.tasktracker,sr222, cluster="chukwa",sr222,16,16,10,0,9
1307525459,/mnt/DP_disk2/lyan/hadoop/logs/chukwa/metrics/chukwa-lyan-mapred-1307525359901.log,mapred.tasktracker,sr222, cluster="chukwa",sr222,16,16,10,3,20
1307525469,/mnt/DP_disk2/lyan/hadoop/logs/chukwa/metrics/chukwa-lyan-mapred-1307525359901.log,mapred.tasktracker,sr222, cluster="chukwa",sr222,16,16,10,4,29
1307525481,/mnt/DP_disk2/lyan/hadoop/logs/chukwa/metrics/chukwa-lyan-mapred-1307525359901.log,mapred.tasktracker,sr222, cluster="chukwa",sr222,16,16,10,4,35
1307525489,/mnt/DP_disk2/lyan/hadoop/logs/chukwa/metrics/chukwa-lyan-mapred-1307525359901.log,mapred.tasktracker,sr222, cluster="chukwa",sr222,16,16,10,4,45
1307525501,/mnt/DP_disk2/lyan/hadoop/logs/chukwa/metrics/chukwa-lyan-mapred-1307525359901.log,mapred.tasktracker,sr222, cluster="chukwa",sr222,16,16,10,4,45
1307525509,/mnt/DP_disk2/lyan/hadoop/logs/chukwa/metrics/chukwa-lyan-mapred-1307525359901.log,mapred.tasktracker,sr222, cluster="chukwa",sr222,16,16,10,4,61
1307525519,/mnt/DP_disk2/lyan/hadoop/logs/chukwa/metrics/chukwa-lyan-mapred-1307525359901.log,mapred.tasktracker,sr222, cluster="chukwa",sr222,16,16,10,4,61
1307525529,/mnt/DP_disk2/lyan/hadoop/logs/chukwa/metrics/chukwa-lyan-mapred-1307525359901.log,mapred.tasktracker,sr222, cluster="chukwa",sr222,16,16,10,4,61
1307525543,/mnt/DP_disk2/lyan/hadoop/logs/chukwa/metrics/chukwa-lyan-mapred-1307525359901.log,mapred.tasktracker,sr222, cluster="chukwa",sr222,16,16,10,4,68
1307525549,/mnt/DP_disk2/lyan/hadoop/logs/chukwa/metrics/chukwa-lyan-mapred-1307525359901.log,mapred.tasktracker,sr222, cluster="chukwa",sr222,16,16,10,4,73
1307525559,/mnt/DP_disk2/lyan/hadoop/logs/chukwa/metrics/chukwa-lyan-mapred-1307525359901.log,mapred.tasktracker,sr222, cluster="chukwa",sr222,16,16,10,4,73
1307525570,/mnt/DP_disk2/lyan/hadoop/logs/chukwa/metrics/chukwa-lyan-mapred-1307525359901.log,mapred.tasktracker,sr222, cluster="chukwa",sr222,16,6,10,4,83
1307525582,/mnt/DP_disk2/lyan/hadoop/logs/chukwa/metrics/chukwa-lyan-mapred-1307525359901.log,mapred.tasktracker,sr222, cluster="chukwa",sr222,16,4,10,4,86
1307525589,/mnt/DP_disk2/lyan/hadoop/logs/chukwa/metrics/chukwa-lyan-mapred-1307525359901.log,mapred.tasktracker,sr222, cluster="chukwa",sr222,16,1,10,4,90
1307525603,/mnt/DP_disk2/lyan/hadoop/logs/chukwa/metrics/chukwa-lyan-mapred-1307525359901.log,mapred.tasktracker,sr222, cluster="chukwa",sr222,16,0,10,4,91
1307525609,/mnt/DP_disk2/lyan/hadoop/logs/chukwa/metrics/chukwa-lyan-mapred-1307525359901.log,mapred.tasktracker,sr222, cluster="chukwa",sr222,16,0,10,4,92
1307525619,/mnt/DP_disk2/lyan/hadoop/logs/chukwa/metrics/chukwa-lyan-mapred-1307525359901.log,mapred.tasktracker,sr222, cluster="chukwa",sr222,16,0,10,4,92
1307525629,/mnt/DP_disk2/lyan/hadoop/logs/chukwa/metrics/chukwa-lyan-mapred-1307525359901.log,mapred.tasktracker,sr222, cluster="chukwa",sr222,16,0,10,4,92
1307525639,/mnt/DP_disk2/lyan/hadoop/logs/chukwa/metrics/chukwa-lyan-mapred-1307525359901.log,mapred.tasktracker,sr222, cluster="chukwa",sr222,16,0,10,4,92
1307525649,/mnt/DP_disk2/lyan/hadoop/logs/chukwa/metrics/chukwa-lyan-mapred-1307525359901.log,mapred.tasktracker,sr222, cluster="chukwa",sr222,16,0,10,4,92
1307525659,/mnt/DP_disk2/lyan/hadoop/logs/chukwa/metrics/chukwa-lyan-mapred-1307525359901.log,mapred.tasktracker,sr222, cluster="chukwa",sr222,16,0,10,4,92
1307525669,/mnt/DP_disk2/lyan/hadoop/logs/chukwa/metrics/chukwa-lyan-mapred-1307525359901.log,mapred.tasktracker,sr222, cluster="chukwa",sr222,16,0,10,4,92
1307525679,/mnt/DP_disk2/lyan/hadoop/logs/chukwa/metrics/chukwa-lyan-mapred-1307525359901.log,mapred.tasktracker,sr222, cluster="chukwa",sr222,16,0,10,4,92
1307525689,/mnt/DP_disk2/lyan/hadoop/logs/chukwa/metrics/chukwa-lyan-mapred-1307525359901.log,mapred.tasktracker,sr222, cluster="chukwa",sr222,16,0,10,4,92
1307525699,/mnt/DP_disk2/lyan/hadoop/logs/chukwa/metrics/chukwa-lyan-mapred-1307525359901.log,mapred.tasktracker,sr222, cluster="chukwa",sr222,16,0,10,4,92
1307525709,/mnt/DP_disk2/lyan/hadoop/logs/chukwa/metrics/chukwa-lyan-mapred-1307525359901.log,mapred.tasktracker,sr222, cluster="chukwa",sr222,16,0,10,4,92
1307525719,/mnt/DP_disk2/lyan/hadoop/logs/chukwa/metrics/chukwa-lyan-mapred-1307525359901.log,mapred.tasktracker,sr222, cluster="chukwa",sr222,16,0,10,4,92
1307525729,/mnt/DP_disk2/lyan/hadoop/logs/chukwa/metrics/chukwa-lyan-mapred-1307525359901.log,mapred.tasktracker,sr222, cluster="chukwa",sr222,16,0,10,4,92
1307525739,/mnt/DP_disk2/lyan/hadoop/logs/chukwa/metrics/chukwa-lyan-mapred-1307525359901.log,mapred.tasktracker,sr222, cluster="chukwa",sr222,16,0,10,4,92
1307525749,/mnt/DP_disk2/lyan/hadoop/logs/chukwa/metrics/chukwa-lyan-mapred-1307525359901.log,mapred.tasktracker,sr222, cluster="chukwa",sr222,16,0,10,4,92
1307525759,/mnt/DP_disk2/lyan/hadoop/logs/chukwa/metrics/chukwa-lyan-mapred-1307525359901.log,mapred.tasktracker,sr222, cluster="chukwa",sr222,16,0,10,4,92
1307525769,/mnt/DP_disk2/lyan/hadoop/logs/chukwa/metrics/chukwa-lyan-mapred-1307525359901.log,mapred.tasktracker,sr222, cluster="chukwa",sr222,16,0,10,4,92
1307525779,/mnt/DP_disk2/lyan/hadoop/logs/chukwa/metrics/chukwa-lyan-mapred-1307525359901.log,mapred.tasktracker,sr222, cluster="chukwa",sr222,16,0,10,4,92
1307525789,/mnt/DP_disk2/lyan/hadoop/logs/chukwa/metrics/chukwa-lyan-mapred-1307525359901.log,mapred.tasktracker,sr222, cluster="chukwa",sr222,16,0,10,4,92
1307525799,/mnt/DP_disk2/lyan/hadoop/logs/chukwa/metrics/chukwa-lyan-mapred-1307525359901.log,mapred.tasktracker,sr222, cluster="chukwa",sr222,16,0,10,4,92
1307525809,/mnt/DP_disk2/lyan/hadoop/logs/chukwa/metrics/chukwa-lyan-mapred-1307525359901.log,mapred.tasktracker,sr222, cluster="chukwa",sr222,16,0,10,4,92
1307525819,/mnt/DP_disk2/lyan/hadoop/logs/chukwa/metrics/chukwa-lyan-mapred-1307525359901.log,mapred.tasktracker,sr222, cluster="chukwa",sr222,16,0,10,4,92
1307525829,/mnt/DP_disk2/lyan/hadoop/logs/chukwa/metrics/chukwa-lyan-mapred-1307525359901.log,mapred.tasktracker,sr222, cluster="chukwa",sr222,16,0,10,4,92
1307525839,/mnt/DP_disk2/lyan/hadoop/logs/chukwa/metrics/chukwa-lyan-mapred-1307525359901.log,mapred.tasktracker,sr222, cluster="chukwa",sr222,16,0,10,4,92
1307525849,/mnt/DP_disk2/lyan/hadoop/logs/chukwa/metrics/chukwa-lyan-mapred-1307525359901.log,mapred.tasktracker,sr222, cluster="chukwa",sr222,16,0,10,4,92
1307525859,/mnt/DP_disk2/lyan/hadoop/logs/chukwa/metrics/chukwa-lyan-mapred-1307525359901.log,mapred.tasktracker,sr222, cluster="chukwa",sr222,16,0,10,4,92
1307525869,/mnt/DP_disk2/lyan/hadoop/logs/chukwa/metrics/chukwa-lyan-mapred-1307525359901.log,mapred.tasktracker,sr222, cluster="chukwa",sr222,16,0,10,4,92
1307525879,/mnt/DP_disk2/lyan/hadoop/logs/chukwa/metrics/chukwa-lyan-mapred-1307525359901.log,mapred.tasktracker,sr222, cluster="chukwa",sr222,16,0,10,4,92
1307525889,/mnt/DP_disk2/lyan/hadoop/logs/chukwa/metrics/chukwa-lyan-mapred-1307525359901.log,mapred.tasktracker,sr222, cluster="chukwa",sr222,16,0,10,4,92
1307525899,/mnt/DP_disk2/lyan/hadoop/logs/chukwa/metrics/chukwa-lyan-mapred-1307525359901.log,mapred.tasktracker,sr222, cluster="chukwa",sr222,16,0,10,4,92
1307525909,/mnt/DP_disk2/lyan/hadoop/logs/chukwa/metrics/chukwa-lyan-mapred-1307525359901.log,mapred.tasktracker,sr222, cluster="chukwa",sr222,16,0,10,4,92
1307525919,/mnt/DP_disk2/lyan/hadoop/logs/chukwa/metrics/chukwa-lyan-mapred-1307525359901.log,mapred.tasktracker,sr222, cluster="chukwa",sr222,16,0,10,4,92
1307525929,/mnt/DP_disk2/lyan/hadoop/logs/chukwa/metrics/chukwa-lyan-mapred-1307525359901.log,mapred.tasktracker,sr222, cluster="chukwa",sr222,16,0,10,4,92
1307525939,/mnt/DP_disk2/lyan/hadoop/logs/chukwa/metrics/chukwa-lyan-mapred-1307525359901.log,mapred.tasktracker,sr222, cluster="chukwa",sr222,16,0,10,4,92
1307525949,/mnt/DP_disk2/lyan/hadoop/logs/chukwa/metrics/chukwa-lyan-mapred-1307525359901.log,mapred.tasktracker,sr222, cluster="chukwa",sr222,16,0,10,4,92
1307525959,/mnt/DP_disk2/lyan/hadoop/logs/chukwa/metrics/chukwa-lyan-mapred-1307525359901.log,mapred.tasktracker,sr222, cluster="chukwa",sr222,16,0,10,4,92
1307525969,/mnt/DP_disk2/lyan/hadoop/logs/chukwa/metrics/chukwa-lyan-mapred-1307525359901.log,mapred.tasktracker,sr222, cluster="chukwa",sr222,16,0,10,4,92
1307525979,/mnt/DP_disk2/lyan/hadoop/logs/chukwa/metrics/chukwa-lyan-mapred-1307525359901.log,mapred.tasktracker,sr222, cluster="chukwa",sr222,16,0,10,4,92
1307525989,/mnt/DP_disk2/lyan/hadoop/logs/chukwa/metrics/chukwa-lyan-mapred-1307525359901.log,mapred.tasktracker,sr222, cluster="chukwa",sr222,16,0,10,4,92
1307525999,/mnt/DP_disk2/lyan/hadoop/logs/chukwa/metrics/chukwa-lyan-mapred-1307525359901.log,mapred.tasktracker,sr222, cluster="chukwa",sr222,16,0,10,4,92
1307526009,/mnt/DP_disk2/lyan/hadoop/logs/chukwa/metrics/chukwa-lyan-mapred-1307525359901.log,mapred.tasktracker,sr222, cluster="chukwa",sr222,16,0,10,4,92
1307526019,/mnt/DP_disk2/lyan/hadoop/logs/chukwa/metrics/chukwa-lyan-mapred-1307525359901.log,mapred.tasktracker,sr222, cluster="chukwa",sr222,16,0,10,4,92
1307526029,/mnt/DP_disk2/lyan/hadoop/logs/chukwa/metrics/chukwa-lyan-mapred-1307525359901.log,mapred.tasktracker,sr222, cluster="chukwa",sr222,16,0,10,4,92
1307526039,/mnt/DP_disk2/lyan/hadoop/logs/chukwa/metrics/chukwa-lyan-mapred-1307525359901.log,mapred.tasktracker,sr222, cluster="chukwa",sr222,16,0,10,4,92
1307526049,/mnt/DP_disk2/lyan/hadoop/logs/chukwa/metrics/chukwa-lyan-mapred-1307525359901.log,mapred.tasktracker,sr222, cluster="chukwa",sr222,16,0,10,3,93
1307526059,/mnt/DP_disk2/lyan/hadoop/logs/chukwa/metrics/chukwa-lyan-mapred-1307525359901.log,mapred.tasktracker,sr222, cluster="chukwa",sr222,16,0,10,3,93
1307526069,/mnt/DP_disk2/lyan/hadoop/logs/chukwa/metrics/chukwa-lyan-mapred-1307525359901.log,mapred.tasktracker,sr222, cluster="chukwa",sr222,16,0,10,0,96
1307526079,/mnt/DP_disk2/lyan/hadoop/logs/chukwa/metrics/chukwa-lyan-mapred-1307525359901.log,mapred.tasktracker,sr222, cluster="chukwa",sr222,16,0,10,0,96
1307526089,/mnt/DP_disk2/lyan/hadoop/logs/chukwa/metrics/chukwa-lyan-mapred-1307525359901.log,mapred.tasktracker,sr222, cluster="chukwa",sr222,16,0,10,0,96
